ID,status_conta,duracao_mes,hist_credito,qtdd_credito,percen_tx_rendim_disp,dev_fiadores,outros_par,n_creditos,classe
1,Negativo,6,conta crítica/outros créditos existentes (não neste banco),1169,4,nenhum,nenhum,2,Bom
2,Regular,48,créditos existentes pagos devidamente até agora,5951,2,nenhum,nenhum,1,Ruim
3,Inexistente,12,conta crítica/outros créditos existentes (não neste banco),2096,2,nenhum,nenhum,1,Bom
4,Negativo,42,créditos existentes pagos devidamente até agora,7882,2,fiador,nenhum,1,Bom
5,Negativo,24,atraso no pagamento no passado,4870,3,nenhum,nenhum,2,Ruim
6,Inexistente,36,créditos existentes pagos devidamente até agora,9055,2,nenhum,nenhum,1,Bom
7,Inexistente,24,créditos existentes pagos devidamente até agora,2835,3,nenhum,nenhum,1,Bom
8,Regular,36,créditos existentes pagos devidamente até agora,6948,2,nenhum,nenhum,1,Bom
9,Inexistente,12,créditos existentes pagos devidamente até agora,3059,2,nenhum,nenhum,1,Bom
10,Regular,30,conta crítica/outros créditos existentes (não neste banco),5234,4,nenhum,nenhum,2,Ruim
11,Regular,12,créditos existentes pagos devidamente até agora,1295,3,nenhum,nenhum,1,Ruim
12,Negativo,48,créditos existentes pagos devidamente até agora,4308,3,nenhum,nenhum,1,Ruim
13,Regular,12,créditos existentes pagos devidamente até agora,1567,1,nenhum,nenhum,1,Bom
14,Negativo,24,conta crítica/outros créditos existentes (não neste banco),1199,4,nenhum,nenhum,2,Ruim
15,Negativo,15,créditos existentes pagos devidamente até agora,1403,2,nenhum,nenhum,1,Bom
16,Negativo,24,créditos existentes pagos devidamente até agora,1282,4,nenhum,nenhum,1,Ruim
17,Inexistente,24,conta crítica/outros créditos existentes (não neste banco),2424,4,nenhum,nenhum,2,Bom
18,Negativo,30,nenhum crédito obtido/todos os créditos pagos devidamente,8072,2,nenhum,banco,3,Bom
19,Regular,24,créditos existentes pagos devidamente até agora,12579,4,nenhum,nenhum,1,Ruim
20,Inexistente,24,créditos existentes pagos devidamente até agora,3430,3,nenhum,nenhum,1,Bom
21,Inexistente,9,conta crítica/outros créditos existentes (não neste banco),2134,4,nenhum,nenhum,3,Bom
22,Negativo,6,créditos existentes pagos devidamente até agora,2647,2,nenhum,nenhum,1,Bom
23,Negativo,10,conta crítica/outros créditos existentes (não neste banco),2241,1,nenhum,nenhum,2,Bom
24,Regular,12,conta crítica/outros créditos existentes (não neste banco),1804,3,nenhum,nenhum,1,Bom
25,Inexistente,10,conta crítica/outros créditos existentes (não neste banco),2069,2,nenhum,nenhum,2,Bom
26,Negativo,6,créditos existentes pagos devidamente até agora,1374,1,nenhum,banco,1,Bom
27,Inexistente,6,nenhum crédito obtido/todos os créditos pagos devidamente,426,4,nenhum,nenhum,1,Bom
28,Alto,12,todos os créditos deste banco foram devidamente pagos,409,3,nenhum,nenhum,2,Bom
29,Regular,7,créditos existentes pagos devidamente até agora,2415,3,fiador,nenhum,1,Bom
30,Negativo,60,atraso no pagamento no passado,6836,3,nenhum,nenhum,2,Ruim
31,Regular,18,créditos existentes pagos devidamente até agora,1913,3,nenhum,banco,1,Bom
32,Negativo,24,créditos existentes pagos devidamente até agora,4020,2,nenhum,lojas,1,Bom
33,Regular,18,créditos existentes pagos devidamente até agora,5866,2,nenhum,nenhum,2,Bom
34,Inexistente,12,conta crítica/outros créditos existentes (não neste banco),1264,4,nenhum,nenhum,1,Bom
35,Alto,12,créditos existentes pagos devidamente até agora,1474,4,nenhum,banco,1,Bom
36,Regular,45,conta crítica/outros créditos existentes (não neste banco),4746,4,nenhum,nenhum,2,Ruim
37,Inexistente,48,conta crítica/outros créditos existentes (não neste banco),6110,1,nenhum,banco,1,Bom
38,Alto,18,créditos existentes pagos devidamente até agora,2100,4,co-requerente,lojas,1,Ruim
39,Alto,10,créditos existentes pagos devidamente até agora,1225,2,nenhum,nenhum,1,Bom
40,Regular,9,créditos existentes pagos devidamente até agora,458,4,nenhum,nenhum,1,Bom
41,Inexistente,30,créditos existentes pagos devidamente até agora,2333,4,nenhum,banco,1,Bom
42,Regular,12,créditos existentes pagos devidamente até agora,1158,3,nenhum,nenhum,1,Bom
43,Regular,18,atraso no pagamento no passado,6204,2,nenhum,nenhum,1,Bom
44,Negativo,30,conta crítica/outros créditos existentes (não neste banco),6187,1,nenhum,nenhum,2,Bom
45,Negativo,48,conta crítica/outros créditos existentes (não neste banco),6143,4,nenhum,lojas,2,Ruim
46,Inexistente,11,conta crítica/outros créditos existentes (não neste banco),1393,4,nenhum,nenhum,2,Bom
47,Inexistente,36,créditos existentes pagos devidamente até agora,2299,4,nenhum,nenhum,1,Bom
48,Negativo,6,créditos existentes pagos devidamente até agora,1352,1,nenhum,nenhum,1,Bom
49,Inexistente,11,conta crítica/outros créditos existentes (não neste banco),7228,1,nenhum,nenhum,2,Bom
50,Inexistente,12,créditos existentes pagos devidamente até agora,2073,4,co-requerente,nenhum,1,Bom
51,Regular,24,atraso no pagamento no passado,2333,4,nenhum,banco,1,Bom
52,Regular,27,atraso no pagamento no passado,5965,1,nenhum,nenhum,2,Bom
53,Inexistente,12,créditos existentes pagos devidamente até agora,1262,3,nenhum,nenhum,1,Bom
54,Inexistente,18,créditos existentes pagos devidamente até agora,3378,2,nenhum,nenhum,1,Bom
55,Regular,36,atraso no pagamento no passado,2225,4,nenhum,banco,2,Ruim
56,Inexistente,6,todos os créditos deste banco foram devidamente pagos,783,1,fiador,lojas,1,Bom
57,Regular,12,créditos existentes pagos devidamente até agora,6468,2,nenhum,nenhum,1,Ruim
58,Inexistente,36,conta crítica/outros créditos existentes (não neste banco),9566,2,nenhum,lojas,2,Bom
59,Alto,18,créditos existentes pagos devidamente até agora,1961,3,nenhum,nenhum,1,Bom
60,Negativo,36,conta crítica/outros créditos existentes (não neste banco),6229,4,co-requerente,nenhum,2,Ruim
61,Regular,9,créditos existentes pagos devidamente até agora,1391,2,nenhum,banco,1,Bom
62,Regular,15,conta crítica/outros créditos existentes (não neste banco),1537,4,fiador,nenhum,2,Bom
63,Regular,36,nenhum crédito obtido/todos os créditos pagos devidamente,1953,4,nenhum,nenhum,1,Ruim
64,Regular,48,nenhum crédito obtido/todos os créditos pagos devidamente,14421,2,nenhum,nenhum,1,Ruim
65,Inexistente,24,créditos existentes pagos devidamente até agora,3181,4,nenhum,nenhum,1,Bom
66,Inexistente,27,créditos existentes pagos devidamente até agora,5190,4,nenhum,nenhum,4,Bom
67,Inexistente,12,créditos existentes pagos devidamente até agora,2171,2,nenhum,banco,1,Bom
68,Regular,12,créditos existentes pagos devidamente até agora,1007,4,nenhum,nenhum,1,Bom
69,Inexistente,36,créditos existentes pagos devidamente até agora,1819,4,nenhum,lojas,1,Ruim
70,Inexistente,36,créditos existentes pagos devidamente até agora,2394,4,nenhum,nenhum,1,Bom
71,Inexistente,36,créditos existentes pagos devidamente até agora,8133,1,nenhum,banco,1,Bom
72,Inexistente,7,conta crítica/outros créditos existentes (não neste banco),730,4,nenhum,nenhum,2,Bom
73,Negativo,8,conta crítica/outros créditos existentes (não neste banco),1164,3,nenhum,banco,2,Bom
74,Regular,42,conta crítica/outros créditos existentes (não neste banco),5954,2,nenhum,banco,2,Bom
75,Negativo,36,créditos existentes pagos devidamente até agora,1977,4,nenhum,nenhum,1,Ruim
76,Negativo,12,conta crítica/outros créditos existentes (não neste banco),1526,4,nenhum,nenhum,2,Bom
77,Negativo,42,créditos existentes pagos devidamente até agora,3965,4,nenhum,nenhum,1,Ruim
78,Regular,11,atraso no pagamento no passado,4771,2,nenhum,nenhum,1,Bom
79,Inexistente,54,nenhum crédito obtido/todos os créditos pagos devidamente,9436,2,nenhum,nenhum,1,Bom
80,Regular,30,créditos existentes pagos devidamente até agora,3832,2,nenhum,nenhum,1,Bom
81,Inexistente,24,créditos existentes pagos devidamente até agora,5943,1,nenhum,nenhum,2,Ruim
82,Inexistente,15,créditos existentes pagos devidamente até agora,1213,4,nenhum,lojas,1,Bom
83,Inexistente,18,créditos existentes pagos devidamente até agora,1568,3,nenhum,nenhum,1,Bom
84,Negativo,24,créditos existentes pagos devidamente até agora,1755,4,fiador,nenhum,1,Bom
85,Negativo,10,créditos existentes pagos devidamente até agora,2315,3,nenhum,nenhum,1,Bom
86,Inexistente,12,conta crítica/outros créditos existentes (não neste banco),1412,4,fiador,nenhum,2,Bom
87,Regular,18,conta crítica/outros créditos existentes (não neste banco),1295,4,nenhum,nenhum,2,Bom
88,Regular,36,créditos existentes pagos devidamente até agora,12612,1,nenhum,nenhum,1,Ruim
89,Negativo,18,créditos existentes pagos devidamente até agora,2249,4,nenhum,nenhum,1,Bom
90,Negativo,12,nenhum crédito obtido/todos os créditos pagos devidamente,1108,4,nenhum,nenhum,2,Ruim
91,Inexistente,12,conta crítica/outros créditos existentes (não neste banco),618,4,nenhum,nenhum,1,Bom
92,Negativo,12,conta crítica/outros créditos existentes (não neste banco),1409,4,nenhum,nenhum,1,Bom
93,Inexistente,12,conta crítica/outros créditos existentes (não neste banco),797,4,nenhum,banco,1,Ruim
94,Alto,24,conta crítica/outros créditos existentes (não neste banco),3617,4,co-requerente,nenhum,2,Bom
95,Regular,12,créditos existentes pagos devidamente até agora,1318,4,nenhum,nenhum,1,Bom
96,Regular,54,nenhum crédito obtido/todos os créditos pagos devidamente,15945,3,nenhum,nenhum,1,Ruim
97,Inexistente,12,conta crítica/outros créditos existentes (não neste banco),2012,4,nenhum,nenhum,1,Bom
98,Regular,18,créditos existentes pagos devidamente até agora,2622,4,nenhum,nenhum,1,Bom
99,Regular,36,conta crítica/outros créditos existentes (não neste banco),2337,4,nenhum,nenhum,1,Bom
100,Regular,20,atraso no pagamento no passado,7057,3,nenhum,banco,2,Bom
101,Inexistente,24,créditos existentes pagos devidamente até agora,1469,4,nenhum,nenhum,1,Bom
102,Regular,36,créditos existentes pagos devidamente até agora,2323,4,nenhum,nenhum,1,Bom
103,Inexistente,6,atraso no pagamento no passado,932,3,nenhum,nenhum,1,Bom
104,Regular,9,conta crítica/outros créditos existentes (não neste banco),1919,4,nenhum,nenhum,1,Bom
105,Inexistente,12,créditos existentes pagos devidamente até agora,2445,2,nenhum,nenhum,1,Bom
106,Regular,24,conta crítica/outros créditos existentes (não neste banco),11938,2,co-requerente,nenhum,2,Ruim
107,Inexistente,18,todos os créditos deste banco foram devidamente pagos,6458,2,nenhum,banco,2,Ruim
108,Regular,12,créditos existentes pagos devidamente até agora,6078,2,nenhum,nenhum,1,Bom
109,Negativo,24,créditos existentes pagos devidamente até agora,7721,1,nenhum,nenhum,1,Bom
110,Regular,14,créditos existentes pagos devidamente até agora,1410,1,nenhum,nenhum,1,Bom
111,Regular,6,atraso no pagamento no passado,1449,1,nenhum,banco,2,Bom
112,Alto,15,créditos existentes pagos devidamente até agora,392,4,nenhum,nenhum,1,Bom
113,Regular,18,créditos existentes pagos devidamente até agora,6260,3,nenhum,nenhum,1,Bom
114,Inexistente,36,conta crítica/outros créditos existentes (não neste banco),7855,4,nenhum,lojas,2,Ruim
115,Negativo,12,créditos existentes pagos devidamente até agora,1680,3,nenhum,nenhum,1,Bom
116,Inexistente,48,conta crítica/outros créditos existentes (não neste banco),3578,4,nenhum,nenhum,1,Bom
117,Negativo,42,créditos existentes pagos devidamente até agora,7174,4,nenhum,nenhum,1,Ruim
118,Negativo,10,conta crítica/outros créditos existentes (não neste banco),2132,2,co-requerente,nenhum,2,Bom
119,Negativo,33,conta crítica/outros créditos existentes (não neste banco),4281,1,nenhum,nenhum,2,Ruim
120,Regular,12,conta crítica/outros créditos existentes (não neste banco),2366,3,nenhum,nenhum,1,Bom
121,Negativo,21,créditos existentes pagos devidamente até agora,1835,3,nenhum,nenhum,2,Ruim
122,Inexistente,24,conta crítica/outros créditos existentes (não neste banco),3868,4,nenhum,nenhum,2,Bom
123,Inexistente,12,créditos existentes pagos devidamente até agora,1768,3,nenhum,nenhum,1,Bom
124,Alto,10,conta crítica/outros créditos existentes (não neste banco),781,4,nenhum,nenhum,2,Bom
125,Regular,18,créditos existentes pagos devidamente até agora,1924,4,nenhum,nenhum,1,Ruim
126,Negativo,12,conta crítica/outros créditos existentes (não neste banco),2121,4,nenhum,nenhum,2,Bom
127,Negativo,12,créditos existentes pagos devidamente até agora,701,4,nenhum,nenhum,1,Bom
128,Regular,12,créditos existentes pagos devidamente até agora,639,4,nenhum,nenhum,1,Ruim
129,Regular,12,conta crítica/outros créditos existentes (não neste banco),1860,4,nenhum,nenhum,2,Bom
130,Negativo,12,conta crítica/outros créditos existentes (não neste banco),3499,3,co-requerente,nenhum,2,Ruim
131,Regular,48,créditos existentes pagos devidamente até agora,8487,1,nenhum,nenhum,1,Bom
132,Negativo,36,atraso no pagamento no passado,6887,4,nenhum,lojas,1,Ruim
133,Inexistente,15,créditos existentes pagos devidamente até agora,2708,2,nenhum,banco,2,Bom
134,Inexistente,18,créditos existentes pagos devidamente até agora,1984,4,nenhum,banco,2,Bom
135,Inexistente,60,créditos existentes pagos devidamente até agora,10144,2,nenhum,nenhum,1,Bom
136,Inexistente,12,conta crítica/outros créditos existentes (não neste banco),1240,4,nenhum,nenhum,2,Bom
137,Inexistente,27,atraso no pagamento no passado,8613,2,nenhum,nenhum,2,Bom
138,Regular,12,créditos existentes pagos devidamente até agora,766,4,nenhum,nenhum,1,Ruim
139,Regular,15,conta crítica/outros créditos existentes (não neste banco),2728,4,fiador,banco,3,Bom
140,Alto,12,créditos existentes pagos devidamente até agora,1881,2,nenhum,nenhum,1,Bom
141,Alto,6,créditos existentes pagos devidamente até agora,709,2,nenhum,nenhum,1,Bom
142,Regular,36,créditos existentes pagos devidamente até agora,4795,4,nenhum,nenhum,1,Bom
143,Negativo,27,créditos existentes pagos devidamente até agora,3416,3,nenhum,nenhum,1,Bom
144,Negativo,18,créditos existentes pagos devidamente até agora,2462,2,nenhum,nenhum,1,Ruim
145,Inexistente,21,conta crítica/outros créditos existentes (não neste banco),2288,4,nenhum,nenhum,1,Bom
146,Regular,48,todos os créditos deste banco foram devidamente pagos,3566,4,nenhum,nenhum,1,Bom
147,Negativo,6,conta crítica/outros créditos existentes (não neste banco),860,1,nenhum,nenhum,2,Bom
148,Inexistente,12,conta crítica/outros créditos existentes (não neste banco),682,4,nenhum,nenhum,2,Bom
149,Negativo,36,conta crítica/outros créditos existentes (não neste banco),5371,3,fiador,nenhum,2,Bom
150,Inexistente,18,conta crítica/outros créditos existentes (não neste banco),1582,4,nenhum,nenhum,2,Bom
151,Inexistente,6,créditos existentes pagos devidamente até agora,1346,2,nenhum,banco,1,Bom
152,Inexistente,10,créditos existentes pagos devidamente até agora,1924,1,nenhum,nenhum,1,Bom
153,Alto,36,créditos existentes pagos devidamente até agora,5848,4,nenhum,nenhum,1,Bom
154,Regular,24,conta crítica/outros créditos existentes (não neste banco),7758,2,nenhum,nenhum,1,Bom
155,Regular,24,atraso no pagamento no passado,6967,4,nenhum,nenhum,1,Bom
156,Negativo,12,créditos existentes pagos devidamente até agora,1282,2,nenhum,nenhum,1,Ruim
157,Negativo,9,conta crítica/outros créditos existentes (não neste banco),1288,3,fiador,nenhum,2,Bom
158,Negativo,12,todos os créditos deste banco foram devidamente pagos,339,4,nenhum,banco,1,Bom
159,Regular,24,créditos existentes pagos devidamente até agora,3512,2,nenhum,banco,2,Bom
160,Inexistente,6,conta crítica/outros créditos existentes (não neste banco),1898,1,nenhum,nenhum,2,Bom
161,Inexistente,24,conta crítica/outros créditos existentes (não neste banco),2872,3,nenhum,nenhum,1,Bom
162,Inexistente,18,conta crítica/outros créditos existentes (não neste banco),1055,4,nenhum,nenhum,2,Bom
163,Inexistente,15,créditos existentes pagos devidamente até agora,1262,4,nenhum,nenhum,2,Bom
164,Regular,10,créditos existentes pagos devidamente até agora,7308,2,nenhum,banco,1,Bom
165,Inexistente,36,créditos existentes pagos devidamente até agora,909,4,nenhum,nenhum,1,Bom
166,Inexistente,6,créditos existentes pagos devidamente até agora,2978,1,nenhum,nenhum,1,Bom
167,Negativo,18,créditos existentes pagos devidamente até agora,1131,4,nenhum,nenhum,1,Ruim
168,Regular,11,créditos existentes pagos devidamente até agora,1577,4,nenhum,nenhum,1,Bom
169,Inexistente,24,créditos existentes pagos devidamente até agora,3972,2,nenhum,nenhum,1,Bom
170,Regular,24,conta crítica/outros créditos existentes (não neste banco),1935,4,nenhum,nenhum,2,Ruim
171,Negativo,15,nenhum crédito obtido/todos os créditos pagos devidamente,950,4,nenhum,nenhum,2,Ruim
172,Inexistente,12,créditos existentes pagos devidamente até agora,763,4,nenhum,nenhum,1,Bom
173,Regular,24,atraso no pagamento no passado,2064,3,nenhum,nenhum,1,Ruim
174,Regular,8,créditos existentes pagos devidamente até agora,1414,4,fiador,nenhum,1,Bom
175,Negativo,21,atraso no pagamento no passado,3414,2,nenhum,nenhum,2,Ruim
176,Inexistente,30,todos os créditos deste banco foram devidamente pagos,7485,4,nenhum,banco,1,Ruim
177,Negativo,12,créditos existentes pagos devidamente até agora,2577,2,nenhum,nenhum,1,Bom
178,Negativo,6,conta crítica/outros créditos existentes (não neste banco),338,4,nenhum,nenhum,2,Bom
179,Inexistente,12,créditos existentes pagos devidamente até agora,1963,4,nenhum,nenhum,2,Bom
180,Negativo,21,conta crítica/outros créditos existentes (não neste banco),571,4,nenhum,nenhum,2,Bom
181,Inexistente,36,atraso no pagamento no passado,9572,1,nenhum,nenhum,2,Ruim
182,Regular,36,atraso no pagamento no passado,4455,2,nenhum,lojas,2,Ruim
183,Negativo,21,todos os créditos deste banco foram devidamente pagos,1647,4,nenhum,nenhum,2,Ruim
184,Inexistente,24,conta crítica/outros créditos existentes (não neste banco),3777,4,nenhum,nenhum,1,Bom
185,Regular,18,conta crítica/outros créditos existentes (não neste banco),884,4,nenhum,banco,1,Ruim
186,Inexistente,15,conta crítica/outros créditos existentes (não neste banco),1360,4,nenhum,nenhum,2,Bom
187,Regular,9,todos os créditos deste banco foram devidamente pagos,5129,2,nenhum,banco,1,Ruim
188,Regular,16,conta crítica/outros créditos existentes (não neste banco),1175,2,nenhum,nenhum,3,Bom
189,Negativo,12,créditos existentes pagos devidamente até agora,674,4,nenhum,nenhum,1,Ruim
190,Regular,18,nenhum crédito obtido/todos os créditos pagos devidamente,3244,1,nenhum,banco,2,Bom
191,Inexistente,24,créditos existentes pagos devidamente até agora,4591,2,nenhum,nenhum,3,Ruim
192,Regular,48,nenhum crédito obtido/todos os créditos pagos devidamente,3844,4,nenhum,nenhum,1,Ruim
193,Regular,27,créditos existentes pagos devidamente até agora,3915,4,nenhum,nenhum,1,Ruim
194,Inexistente,6,créditos existentes pagos devidamente até agora,2108,2,nenhum,nenhum,1,Bom
195,Regular,45,créditos existentes pagos devidamente até agora,3031,4,fiador,nenhum,1,Ruim
196,Regular,9,conta crítica/outros créditos existentes (não neste banco),1501,2,nenhum,nenhum,2,Ruim
197,Inexistente,6,conta crítica/outros créditos existentes (não neste banco),1382,1,nenhum,nenhum,2,Bom
198,Regular,12,créditos existentes pagos devidamente até agora,951,4,nenhum,banco,4,Ruim
199,Regular,24,créditos existentes pagos devidamente até agora,2760,4,nenhum,banco,1,Bom
200,Regular,18,atraso no pagamento no passado,4297,4,nenhum,nenhum,1,Ruim
201,Inexistente,9,conta crítica/outros créditos existentes (não neste banco),936,4,nenhum,nenhum,2,Bom
202,Negativo,12,créditos existentes pagos devidamente até agora,1168,4,nenhum,nenhum,1,Bom
203,Inexistente,27,atraso no pagamento no passado,5117,3,nenhum,nenhum,2,Bom
204,Negativo,12,créditos existentes pagos devidamente até agora,902,4,nenhum,nenhum,1,Ruim
205,Inexistente,12,conta crítica/outros créditos existentes (não neste banco),1495,4,nenhum,nenhum,2,Bom
206,Negativo,30,conta crítica/outros créditos existentes (não neste banco),10623,3,nenhum,nenhum,3,Bom
207,Inexistente,12,conta crítica/outros créditos existentes (não neste banco),1935,4,nenhum,nenhum,3,Bom
208,Regular,12,conta crítica/outros créditos existentes (não neste banco),1424,4,nenhum,nenhum,1,Bom
209,Negativo,24,créditos existentes pagos devidamente até agora,6568,2,nenhum,lojas,1,Bom
210,Inexistente,12,créditos existentes pagos devidamente até agora,1413,3,nenhum,nenhum,1,Bom
211,Inexistente,9,conta crítica/outros créditos existentes (não neste banco),3074,1,nenhum,nenhum,2,Bom
212,Inexistente,36,créditos existentes pagos devidamente até agora,3835,2,nenhum,nenhum,1,Bom
213,Negativo,27,nenhum crédito obtido/todos os créditos pagos devidamente,5293,2,nenhum,lojas,2,Ruim
214,Alto,30,atraso no pagamento no passado,1908,4,nenhum,nenhum,1,Ruim
215,Inexistente,36,conta crítica/outros créditos existentes (não neste banco),3342,4,nenhum,nenhum,1,Bom
216,Regular,6,conta crítica/outros créditos existentes (não neste banco),932,1,nenhum,nenhum,2,Bom
217,Negativo,18,nenhum crédito obtido/todos os créditos pagos devidamente,3104,3,nenhum,banco,1,Bom
218,Alto,36,créditos existentes pagos devidamente até agora,3913,2,nenhum,nenhum,1,Bom
219,Negativo,24,créditos existentes pagos devidamente até agora,3021,2,nenhum,nenhum,1,Bom
220,Inexistente,10,créditos existentes pagos devidamente até agora,1364,2,nenhum,nenhum,1,Bom
221,Regular,12,créditos existentes pagos devidamente até agora,625,4,fiador,banco,1,Bom
222,Negativo,12,créditos existentes pagos devidamente até agora,1200,4,nenhum,banco,1,Bom
223,Inexistente,12,créditos existentes pagos devidamente até agora,707,4,nenhum,banco,2,Bom
224,Inexistente,24,atraso no pagamento no passado,2978,4,nenhum,nenhum,2,Bom
225,Inexistente,15,créditos existentes pagos devidamente até agora,4657,3,nenhum,nenhum,1,Bom
226,Inexistente,36,nenhum crédito obtido/todos os créditos pagos devidamente,2613,4,nenhum,nenhum,2,Bom
227,Regular,48,créditos existentes pagos devidamente até agora,10961,1,co-requerente,banco,2,Ruim
228,Negativo,12,créditos existentes pagos devidamente até agora,7865,4,nenhum,nenhum,1,Ruim
229,Inexistente,9,créditos existentes pagos devidamente até agora,1478,4,nenhum,nenhum,1,Ruim
230,Negativo,24,créditos existentes pagos devidamente até agora,3149,4,nenhum,banco,1,Bom
231,Alto,36,créditos existentes pagos devidamente até agora,4210,4,nenhum,nenhum,1,Ruim
232,Inexistente,9,créditos existentes pagos devidamente até agora,2507,2,nenhum,nenhum,1,Bom
233,Inexistente,12,créditos existentes pagos devidamente até agora,2141,3,nenhum,nenhum,1,Bom
234,Regular,18,créditos existentes pagos devidamente até agora,866,4,fiador,nenhum,1,Bom
235,Inexistente,4,conta crítica/outros créditos existentes (não neste banco),1544,2,nenhum,nenhum,3,Bom
236,Negativo,24,créditos existentes pagos devidamente até agora,1823,4,nenhum,lojas,1,Ruim
237,Regular,6,créditos existentes pagos devidamente até agora,14555,1,nenhum,nenhum,1,Ruim
238,Regular,21,créditos existentes pagos devidamente até agora,2767,4,nenhum,banco,2,Ruim
239,Inexistente,12,conta crítica/outros créditos existentes (não neste banco),1291,4,nenhum,nenhum,2,Bom
240,Negativo,30,créditos existentes pagos devidamente até agora,2522,1,fiador,nenhum,1,Bom
241,Negativo,24,créditos existentes pagos devidamente até agora,915,4,nenhum,banco,1,Ruim
242,Inexistente,6,créditos existentes pagos devidamente até agora,1595,3,nenhum,nenhum,1,Bom
243,Negativo,48,nenhum crédito obtido/todos os créditos pagos devidamente,4605,3,nenhum,nenhum,2,Ruim
244,Inexistente,12,conta crítica/outros créditos existentes (não neste banco),1185,3,nenhum,nenhum,2,Bom
245,Inexistente,12,todos os créditos deste banco foram devidamente pagos,3447,4,nenhum,nenhum,1,Bom
246,Inexistente,24,créditos existentes pagos devidamente até agora,1258,4,nenhum,nenhum,1,Bom
247,Inexistente,12,conta crítica/outros créditos existentes (não neste banco),717,4,nenhum,nenhum,3,Bom
248,Inexistente,6,nenhum crédito obtido/todos os créditos pagos devidamente,1204,4,nenhum,banco,1,Bom
249,Alto,24,créditos existentes pagos devidamente até agora,1925,2,nenhum,nenhum,1,Bom
250,Inexistente,18,créditos existentes pagos devidamente até agora,433,3,co-requerente,nenhum,1,Ruim
251,Negativo,6,conta crítica/outros créditos existentes (não neste banco),666,3,nenhum,nenhum,2,Bom
252,Alto,12,créditos existentes pagos devidamente até agora,2251,1,nenhum,nenhum,1,Bom
253,Regular,30,créditos existentes pagos devidamente até agora,2150,4,fiador,banco,1,Ruim
254,Inexistente,24,atraso no pagamento no passado,4151,2,nenhum,nenhum,2,Bom
255,Regular,9,créditos existentes pagos devidamente até agora,2030,2,nenhum,nenhum,1,Bom
256,Regular,60,atraso no pagamento no passado,7418,1,nenhum,nenhum,1,Bom
257,Inexistente,24,conta crítica/outros créditos existentes (não neste banco),2684,4,nenhum,nenhum,2,Bom
258,Negativo,12,todos os créditos deste banco foram devidamente pagos,2149,4,nenhum,nenhum,1,Ruim
259,Inexistente,15,créditos existentes pagos devidamente até agora,3812,1,nenhum,nenhum,1,Bom
260,Inexistente,11,conta crítica/outros créditos existentes (não neste banco),1154,4,nenhum,nenhum,3,Bom
261,Negativo,12,créditos existentes pagos devidamente até agora,1657,2,nenhum,nenhum,1,Bom
262,Negativo,24,créditos existentes pagos devidamente até agora,1603,4,nenhum,nenhum,1,Bom
263,Negativo,18,conta crítica/outros créditos existentes (não neste banco),5302,2,nenhum,nenhum,3,Bom
264,Inexistente,12,conta crítica/outros créditos existentes (não neste banco),2748,2,nenhum,banco,3,Bom
265,Inexistente,10,conta crítica/outros créditos existentes (não neste banco),1231,3,nenhum,nenhum,2,Bom
266,Regular,15,créditos existentes pagos devidamente até agora,802,4,nenhum,nenhum,1,Ruim
267,Inexistente,36,conta crítica/outros créditos existentes (não neste banco),6304,4,nenhum,nenhum,2,Bom
268,Inexistente,24,créditos existentes pagos devidamente até agora,1533,4,nenhum,lojas,1,Bom
269,Negativo,14,créditos existentes pagos devidamente até agora,8978,1,nenhum,nenhum,1,Ruim
270,Inexistente,24,créditos existentes pagos devidamente até agora,999,4,nenhum,nenhum,2,Bom
271,Inexistente,18,créditos existentes pagos devidamente até agora,2662,4,nenhum,nenhum,1,Bom
272,Inexistente,12,conta crítica/outros créditos existentes (não neste banco),1402,3,nenhum,nenhum,1,Bom
273,Regular,48,todos os créditos deste banco foram devidamente pagos,12169,4,co-requerente,nenhum,1,Bom
274,Regular,48,créditos existentes pagos devidamente até agora,3060,4,nenhum,nenhum,2,Ruim
275,Negativo,30,créditos existentes pagos devidamente até agora,11998,1,nenhum,nenhum,1,Ruim
276,Inexistente,9,créditos existentes pagos devidamente até agora,2697,1,nenhum,nenhum,1,Bom
277,Inexistente,18,conta crítica/outros créditos existentes (não neste banco),2404,2,nenhum,nenhum,2,Bom
278,Negativo,12,créditos existentes pagos devidamente até agora,1262,2,nenhum,nenhum,1,Bom
279,Inexistente,6,créditos existentes pagos devidamente até agora,4611,1,nenhum,nenhum,1,Ruim
280,Inexistente,24,créditos existentes pagos devidamente até agora,1901,4,nenhum,nenhum,1,Bom
281,Inexistente,15,conta crítica/outros créditos existentes (não neste banco),3368,3,nenhum,nenhum,2,Bom
282,Inexistente,12,créditos existentes pagos devidamente até agora,1574,4,nenhum,nenhum,1,Bom
283,Alto,18,todos os créditos deste banco foram devidamente pagos,1445,4,nenhum,banco,1,Bom
284,Inexistente,15,conta crítica/outros créditos existentes (não neste banco),1520,4,nenhum,nenhum,1,Bom
285,Regular,24,conta crítica/outros créditos existentes (não neste banco),3878,4,nenhum,nenhum,1,Bom
286,Negativo,47,créditos existentes pagos devidamente até agora,10722,1,nenhum,nenhum,1,Bom
287,Negativo,48,créditos existentes pagos devidamente até agora,4788,4,nenhum,nenhum,1,Bom
288,Regular,48,atraso no pagamento no passado,7582,2,nenhum,nenhum,1,Bom
289,Regular,12,créditos existentes pagos devidamente até agora,1092,4,fiador,nenhum,2,Bom
290,Negativo,24,atraso no pagamento no passado,1024,4,nenhum,lojas,1,Ruim
291,Inexistente,12,créditos existentes pagos devidamente até agora,1076,2,nenhum,nenhum,1,Bom
292,Regular,36,créditos existentes pagos devidamente até agora,9398,1,nenhum,nenhum,1,Ruim
293,Negativo,24,conta crítica/outros créditos existentes (não neste banco),6419,2,nenhum,nenhum,2,Bom
294,Alto,42,conta crítica/outros créditos existentes (não neste banco),4796,4,nenhum,nenhum,1,Bom
295,Inexistente,48,conta crítica/outros créditos existentes (não neste banco),7629,4,nenhum,banco,2,Bom
296,Regular,48,créditos existentes pagos devidamente até agora,9960,1,nenhum,nenhum,1,Ruim
297,Inexistente,12,créditos existentes pagos devidamente até agora,4675,1,nenhum,nenhum,1,Bom
298,Inexistente,10,créditos existentes pagos devidamente até agora,1287,4,co-requerente,nenhum,1,Bom
299,Inexistente,18,créditos existentes pagos devidamente até agora,2515,3,nenhum,nenhum,1,Bom
300,Regular,21,conta crítica/outros créditos existentes (não neste banco),2745,3,nenhum,nenhum,2,Bom
301,Inexistente,6,créditos existentes pagos devidamente até agora,672,1,nenhum,nenhum,1,Bom
302,Regular,36,nenhum crédito obtido/todos os créditos pagos devidamente,3804,4,nenhum,nenhum,1,Ruim
303,Alto,24,conta crítica/outros créditos existentes (não neste banco),1344,4,nenhum,banco,2,Ruim
304,Negativo,10,conta crítica/outros créditos existentes (não neste banco),1038,4,co-requerente,nenhum,2,Bom
305,Inexistente,48,conta crítica/outros créditos existentes (não neste banco),10127,2,nenhum,banco,1,Ruim
306,Inexistente,6,créditos existentes pagos devidamente até agora,1543,4,nenhum,nenhum,1,Bom
307,Inexistente,30,créditos existentes pagos devidamente até agora,4811,2,nenhum,lojas,1,Bom
308,Negativo,12,créditos existentes pagos devidamente até agora,727,4,nenhum,nenhum,1,Ruim
309,Regular,8,créditos existentes pagos devidamente até agora,1237,3,nenhum,nenhum,1,Ruim
310,Regular,9,créditos existentes pagos devidamente até agora,276,4,nenhum,nenhum,1,Bom
311,Regular,48,créditos existentes pagos devidamente até agora,5381,3,nenhum,banco,1,Bom
312,Inexistente,24,créditos existentes pagos devidamente até agora,5511,4,nenhum,lojas,1,Bom
313,Alto,24,créditos existentes pagos devidamente até agora,3749,2,nenhum,nenhum,1,Bom
314,Regular,12,créditos existentes pagos devidamente até agora,685,2,nenhum,banco,1,Ruim
315,Alto,4,créditos existentes pagos devidamente até agora,1494,1,nenhum,nenhum,1,Bom
316,Negativo,36,todos os créditos deste banco foram devidamente pagos,2746,4,nenhum,banco,1,Ruim
317,Negativo,12,créditos existentes pagos devidamente até agora,708,2,fiador,nenhum,1,Bom
318,Regular,24,créditos existentes pagos devidamente até agora,4351,1,nenhum,nenhum,1,Bom
319,Inexistente,12,conta crítica/outros créditos existentes (não neste banco),701,4,nenhum,nenhum,2,Bom
320,Negativo,15,atraso no pagamento no passado,3643,1,nenhum,nenhum,2,Bom
321,Regular,30,conta crítica/outros créditos existentes (não neste banco),4249,4,nenhum,nenhum,2,Ruim
322,Negativo,24,créditos existentes pagos devidamente até agora,1938,4,nenhum,nenhum,1,Ruim
323,Negativo,24,créditos existentes pagos devidamente até agora,2910,2,nenhum,nenhum,1,Bom
324,Negativo,18,créditos existentes pagos devidamente até agora,2659,4,nenhum,nenhum,1,Bom
325,Inexistente,18,conta crítica/outros créditos existentes (não neste banco),1028,4,nenhum,nenhum,2,Bom
326,Negativo,8,conta crítica/outros créditos existentes (não neste banco),3398,1,nenhum,nenhum,2,Bom
327,Inexistente,12,conta crítica/outros créditos existentes (não neste banco),5801,2,nenhum,nenhum,1,Bom
328,Inexistente,24,créditos existentes pagos devidamente até agora,1525,4,nenhum,nenhum,1,Bom
329,Alto,36,créditos existentes pagos devidamente até agora,4473,4,nenhum,nenhum,1,Bom
330,Regular,6,créditos existentes pagos devidamente até agora,1068,4,nenhum,nenhum,1,Bom
331,Negativo,24,conta crítica/outros créditos existentes (não neste banco),6615,2,nenhum,nenhum,2,Bom
332,Inexistente,18,conta crítica/outros créditos existentes (não neste banco),1864,4,nenhum,nenhum,2,Ruim
333,Regular,60,créditos existentes pagos devidamente até agora,7408,4,nenhum,nenhum,1,Ruim
334,Inexistente,48,conta crítica/outros créditos existentes (não neste banco),11590,2,nenhum,banco,2,Ruim
335,Negativo,24,nenhum crédito obtido/todos os créditos pagos devidamente,4110,3,nenhum,banco,2,Ruim
336,Negativo,6,conta crítica/outros créditos existentes (não neste banco),3384,1,nenhum,nenhum,1,Ruim
337,Regular,13,créditos existentes pagos devidamente até agora,2101,2,fiador,nenhum,1,Bom
338,Negativo,15,créditos existentes pagos devidamente até agora,1275,4,nenhum,nenhum,1,Ruim
339,Negativo,24,créditos existentes pagos devidamente até agora,4169,4,nenhum,nenhum,1,Bom
340,Regular,10,créditos existentes pagos devidamente até agora,1521,4,nenhum,nenhum,1,Bom
341,Regular,24,conta crítica/outros créditos existentes (não neste banco),5743,2,nenhum,nenhum,2,Bom
342,Negativo,21,créditos existentes pagos devidamente até agora,3599,1,nenhum,nenhum,1,Bom
343,Regular,18,créditos existentes pagos devidamente até agora,3213,1,nenhum,nenhum,1,Bom
344,Regular,18,créditos existentes pagos devidamente até agora,4439,1,co-requerente,banco,1,Bom
345,Alto,10,créditos existentes pagos devidamente até agora,3949,1,fiador,nenhum,1,Bom
346,Inexistente,15,conta crítica/outros créditos existentes (não neste banco),1459,4,nenhum,nenhum,1,Bom
347,Regular,13,conta crítica/outros créditos existentes (não neste banco),882,4,fiador,nenhum,2,Bom
348,Regular,24,créditos existentes pagos devidamente até agora,3758,1,nenhum,nenhum,1,Bom
349,Inexistente,6,atraso no pagamento no passado,1743,1,nenhum,nenhum,2,Bom
350,Regular,9,conta crítica/outros créditos existentes (não neste banco),1136,4,nenhum,nenhum,2,Ruim
351,Inexistente,9,créditos existentes pagos devidamente até agora,1236,1,nenhum,nenhum,1,Bom
352,Regular,9,créditos existentes pagos devidamente até agora,959,1,nenhum,nenhum,1,Ruim
353,Inexistente,18,conta crítica/outros créditos existentes (não neste banco),3229,2,nenhum,nenhum,1,Bom
354,Negativo,12,nenhum crédito obtido/todos os créditos pagos devidamente,6199,4,nenhum,nenhum,2,Ruim
355,Inexistente,10,créditos existentes pagos devidamente até agora,727,4,nenhum,nenhum,1,Bom
356,Regular,24,créditos existentes pagos devidamente até agora,1246,4,nenhum,lojas,1,Ruim
357,Inexistente,12,conta crítica/outros créditos existentes (não neste banco),2331,1,co-requerente,nenhum,1,Bom
358,Inexistente,36,atraso no pagamento no passado,4463,4,nenhum,nenhum,2,Ruim
359,Inexistente,12,créditos existentes pagos devidamente até agora,776,4,nenhum,nenhum,1,Bom
360,Negativo,30,créditos existentes pagos devidamente até agora,2406,4,nenhum,nenhum,1,Ruim
361,Regular,18,créditos existentes pagos devidamente até agora,1239,4,nenhum,nenhum,1,Bom
362,Alto,12,créditos existentes pagos devidamente até agora,3399,2,nenhum,nenhum,1,Bom
363,Alto,12,atraso no pagamento no passado,2247,2,nenhum,lojas,2,Bom
364,Inexistente,6,créditos existentes pagos devidamente até agora,1766,1,nenhum,nenhum,1,Bom
365,Negativo,18,créditos existentes pagos devidamente até agora,2473,4,nenhum,nenhum,1,Ruim
366,Inexistente,12,créditos existentes pagos devidamente até agora,1542,2,nenhum,nenhum,1,Bom
367,Inexistente,18,conta crítica/outros créditos existentes (não neste banco),3850,3,nenhum,nenhum,2,Bom
368,Negativo,18,créditos existentes pagos devidamente até agora,3650,1,nenhum,nenhum,1,Bom
369,Negativo,36,créditos existentes pagos devidamente até agora,3446,4,nenhum,nenhum,1,Ruim
370,Regular,18,créditos existentes pagos devidamente até agora,3001,2,nenhum,nenhum,1,Bom
371,Inexistente,36,créditos existentes pagos devidamente até agora,3079,4,nenhum,nenhum,1,Bom
372,Inexistente,18,conta crítica/outros créditos existentes (não neste banco),6070,3,nenhum,nenhum,2,Bom
373,Inexistente,10,conta crítica/outros créditos existentes (não neste banco),2146,1,nenhum,nenhum,2,Bom
374,Inexistente,60,conta crítica/outros créditos existentes (não neste banco),13756,2,nenhum,banco,1,Bom
375,Regular,60,todos os créditos deste banco foram devidamente pagos,14782,3,nenhum,banco,2,Ruim
376,Negativo,48,todos os créditos deste banco foram devidamente pagos,7685,2,fiador,nenhum,1,Ruim
377,Inexistente,18,atraso no pagamento no passado,2320,2,nenhum,nenhum,2,Bom
378,Inexistente,7,atraso no pagamento no passado,846,3,nenhum,nenhum,1,Bom
379,Regular,36,créditos existentes pagos devidamente até agora,14318,4,nenhum,nenhum,1,Ruim
380,Inexistente,6,conta crítica/outros créditos existentes (não neste banco),362,4,nenhum,nenhum,2,Bom
381,Negativo,20,créditos existentes pagos devidamente até agora,2212,4,nenhum,nenhum,1,Bom
382,Regular,18,créditos existentes pagos devidamente até agora,12976,3,nenhum,nenhum,1,Ruim
383,Inexistente,22,créditos existentes pagos devidamente até agora,1283,4,nenhum,nenhum,1,Bom
384,Alto,12,créditos existentes pagos devidamente até agora,1330,4,nenhum,nenhum,1,Bom
385,Inexistente,30,atraso no pagamento no passado,4272,2,nenhum,nenhum,2,Bom
386,Inexistente,18,conta crítica/outros créditos existentes (não neste banco),2238,2,nenhum,nenhum,2,Bom
387,Inexistente,18,créditos existentes pagos devidamente até agora,1126,4,nenhum,nenhum,1,Bom
388,Regular,18,conta crítica/outros créditos existentes (não neste banco),7374,4,nenhum,lojas,2,Bom
389,Regular,15,conta crítica/outros créditos existentes (não neste banco),2326,2,nenhum,banco,1,Bom
390,Inexistente,9,créditos existentes pagos devidamente até agora,1449,3,nenhum,nenhum,2,Bom
391,Inexistente,18,créditos existentes pagos devidamente até agora,1820,2,nenhum,nenhum,1,Bom
392,Regular,12,créditos existentes pagos devidamente até agora,983,1,nenhum,nenhum,1,Bom
393,Negativo,36,créditos existentes pagos devidamente até agora,3249,2,nenhum,banco,1,Bom
394,Negativo,6,conta crítica/outros créditos existentes (não neste banco),1957,1,nenhum,nenhum,1,Bom
395,Inexistente,9,conta crítica/outros créditos existentes (não neste banco),2406,2,nenhum,nenhum,1,Bom
396,Regular,39,atraso no pagamento no passado,11760,2,nenhum,nenhum,1,Bom
397,Negativo,12,créditos existentes pagos devidamente até agora,2578,3,nenhum,nenhum,1,Bom
398,Negativo,36,conta crítica/outros créditos existentes (não neste banco),2348,3,nenhum,nenhum,2,Bom
399,Regular,12,créditos existentes pagos devidamente até agora,1223,1,nenhum,nenhum,2,Ruim
400,Inexistente,24,conta crítica/outros créditos existentes (não neste banco),1516,4,nenhum,nenhum,2,Bom
401,Inexistente,18,créditos existentes pagos devidamente até agora,1473,3,nenhum,nenhum,1,Bom
402,Regular,18,conta crítica/outros créditos existentes (não neste banco),1887,4,nenhum,banco,2,Bom
403,Inexistente,24,atraso no pagamento no passado,8648,2,nenhum,banco,2,Ruim
404,Inexistente,14,atraso no pagamento no passado,802,4,nenhum,nenhum,2,Bom
405,Regular,18,atraso no pagamento no passado,2899,4,nenhum,nenhum,1,Bom
406,Regular,24,créditos existentes pagos devidamente até agora,2039,1,nenhum,nenhum,1,Ruim
407,Inexistente,24,conta crítica/outros créditos existentes (não neste banco),2197,4,nenhum,nenhum,2,Bom
408,Negativo,15,créditos existentes pagos devidamente até agora,1053,4,nenhum,nenhum,1,Bom
409,Inexistente,24,créditos existentes pagos devidamente até agora,3235,3,nenhum,nenhum,1,Bom
410,Alto,12,conta crítica/outros créditos existentes (não neste banco),939,4,nenhum,nenhum,3,Ruim
411,Regular,24,créditos existentes pagos devidamente até agora,1967,4,nenhum,nenhum,1,Bom
412,Inexistente,33,conta crítica/outros créditos existentes (não neste banco),7253,3,nenhum,nenhum,2,Bom
413,Inexistente,12,conta crítica/outros créditos existentes (não neste banco),2292,4,nenhum,lojas,2,Ruim
414,Inexistente,10,créditos existentes pagos devidamente até agora,1597,3,nenhum,nenhum,1,Bom
415,Negativo,24,créditos existentes pagos devidamente até agora,1381,4,nenhum,nenhum,1,Ruim
416,Inexistente,36,conta crítica/outros créditos existentes (não neste banco),5842,2,nenhum,nenhum,2,Bom
417,Negativo,12,créditos existentes pagos devidamente até agora,2579,4,nenhum,nenhum,1,Ruim
418,Negativo,18,atraso no pagamento no passado,8471,1,nenhum,nenhum,2,Bom
419,Inexistente,21,créditos existentes pagos devidamente até agora,2782,1,nenhum,banco,1,Bom
420,Regular,18,créditos existentes pagos devidamente até agora,1042,4,nenhum,nenhum,1,Ruim
421,Inexistente,15,créditos existentes pagos devidamente até agora,3186,2,nenhum,nenhum,1,Bom
422,Regular,12,créditos existentes pagos devidamente até agora,2028,4,nenhum,nenhum,1,Bom
423,Regular,12,conta crítica/outros créditos existentes (não neste banco),958,2,nenhum,nenhum,2,Bom
424,Inexistente,21,atraso no pagamento no passado,1591,4,nenhum,nenhum,2,Bom
425,Regular,12,créditos existentes pagos devidamente até agora,2762,1,nenhum,banco,1,Ruim
426,Regular,18,créditos existentes pagos devidamente até agora,2779,1,nenhum,nenhum,1,Bom
427,Inexistente,28,conta crítica/outros créditos existentes (não neste banco),2743,4,nenhum,nenhum,2,Bom
428,Inexistente,18,conta crítica/outros créditos existentes (não neste banco),1149,4,nenhum,nenhum,2,Bom
429,Inexistente,9,créditos existentes pagos devidamente até agora,1313,1,nenhum,nenhum,1,Bom
430,Negativo,18,conta crítica/outros créditos existentes (não neste banco),1190,2,nenhum,nenhum,3,Ruim
431,Inexistente,5,créditos existentes pagos devidamente até agora,3448,1,nenhum,nenhum,1,Bom
432,Regular,24,créditos existentes pagos devidamente até agora,11328,2,co-requerente,banco,2,Ruim
433,Negativo,6,conta crítica/outros créditos existentes (não neste banco),1872,4,nenhum,nenhum,3,Bom
434,Inexistente,24,conta crítica/outros créditos existentes (não neste banco),2058,4,nenhum,nenhum,2,Bom
435,Negativo,9,créditos existentes pagos devidamente até agora,2136,3,nenhum,nenhum,1,Bom
436,Regular,12,créditos existentes pagos devidamente até agora,1484,2,nenhum,nenhum,1,Ruim
437,Inexistente,6,créditos existentes pagos devidamente até agora,660,2,nenhum,nenhum,1,Bom
438,Inexistente,24,conta crítica/outros créditos existentes (não neste banco),1287,4,nenhum,nenhum,2,Bom
439,Negativo,42,conta crítica/outros créditos existentes (não neste banco),3394,4,co-requerente,nenhum,2,Bom
440,Alto,12,todos os créditos deste banco foram devidamente pagos,609,4,nenhum,nenhum,1,Ruim
441,Inexistente,12,créditos existentes pagos devidamente até agora,1884,4,nenhum,nenhum,1,Bom
442,Negativo,12,créditos existentes pagos devidamente até agora,1620,2,co-requerente,nenhum,1,Bom
443,Regular,20,atraso no pagamento no passado,2629,2,nenhum,banco,2,Bom
444,Inexistente,12,créditos existentes pagos devidamente até agora,719,4,nenhum,banco,1,Ruim
445,Regular,48,conta crítica/outros créditos existentes (não neste banco),5096,2,nenhum,nenhum,1,Ruim
446,Inexistente,9,conta crítica/outros créditos existentes (não neste banco),1244,4,nenhum,nenhum,2,Bom
447,Negativo,36,créditos existentes pagos devidamente até agora,1842,4,nenhum,nenhum,1,Ruim
448,Regular,7,créditos existentes pagos devidamente até agora,2576,2,fiador,nenhum,1,Bom
449,Alto,12,créditos existentes pagos devidamente até agora,1424,3,nenhum,nenhum,1,Bom
450,Regular,15,atraso no pagamento no passado,1512,3,nenhum,lojas,2,Ruim
451,Inexistente,36,conta crítica/outros créditos existentes (não neste banco),11054,4,nenhum,nenhum,1,Bom
452,Inexistente,6,créditos existentes pagos devidamente até agora,518,3,nenhum,nenhum,1,Bom
453,Inexistente,12,nenhum crédito obtido/todos os créditos pagos devidamente,2759,2,nenhum,nenhum,2,Bom
454,Inexistente,24,créditos existentes pagos devidamente até agora,2670,4,nenhum,nenhum,1,Bom
455,Negativo,24,créditos existentes pagos devidamente até agora,4817,2,co-requerente,nenhum,1,Ruim
456,Inexistente,24,créditos existentes pagos devidamente até agora,2679,4,nenhum,nenhum,1,Bom
457,Negativo,11,conta crítica/outros créditos existentes (não neste banco),3905,2,nenhum,nenhum,2,Bom
458,Negativo,12,créditos existentes pagos devidamente até agora,3386,3,nenhum,nenhum,1,Ruim
459,Negativo,6,créditos existentes pagos devidamente até agora,343,4,nenhum,nenhum,1,Bom
460,Inexistente,18,créditos existentes pagos devidamente até agora,4594,3,nenhum,nenhum,1,Bom
461,Negativo,36,créditos existentes pagos devidamente até agora,3620,1,fiador,nenhum,1,Bom
462,Negativo,15,créditos existentes pagos devidamente até agora,1721,2,nenhum,nenhum,1,Bom
463,Regular,12,créditos existentes pagos devidamente até agora,3017,3,nenhum,nenhum,1,Bom
464,Regular,12,créditos existentes pagos devidamente até agora,754,4,nenhum,nenhum,2,Bom
465,Inexistente,18,créditos existentes pagos devidamente até agora,1950,4,nenhum,lojas,2,Bom
466,Negativo,24,créditos existentes pagos devidamente até agora,2924,3,fiador,banco,1,Bom
467,Negativo,24,atraso no pagamento no passado,1659,4,nenhum,nenhum,1,Ruim
468,Inexistente,48,atraso no pagamento no passado,7238,3,nenhum,banco,2,Bom
469,Inexistente,33,atraso no pagamento no passado,2764,2,nenhum,nenhum,2,Bom
470,Inexistente,24,atraso no pagamento no passado,4679,3,nenhum,nenhum,2,Bom
471,Regular,24,créditos existentes pagos devidamente até agora,3092,3,nenhum,nenhum,1,Ruim
472,Negativo,6,créditos existentes pagos devidamente até agora,448,4,nenhum,nenhum,1,Ruim
473,Negativo,9,créditos existentes pagos devidamente até agora,654,4,nenhum,nenhum,1,Ruim
474,Inexistente,6,créditos existentes pagos devidamente até agora,1238,4,nenhum,nenhum,1,Bom
475,Regular,18,conta crítica/outros créditos existentes (não neste banco),1245,4,nenhum,nenhum,1,Ruim
476,Negativo,18,nenhum crédito obtido/todos os créditos pagos devidamente,3114,1,nenhum,nenhum,1,Ruim
477,Inexistente,39,créditos existentes pagos devidamente até agora,2569,4,nenhum,nenhum,1,Bom
478,Alto,24,créditos existentes pagos devidamente até agora,5152,4,nenhum,banco,1,Bom
479,Regular,12,créditos existentes pagos devidamente até agora,1037,3,nenhum,nenhum,1,Bom
480,Negativo,15,conta crítica/outros créditos existentes (não neste banco),1478,4,nenhum,nenhum,2,Bom
481,Regular,12,conta crítica/outros créditos existentes (não neste banco),3573,1,nenhum,nenhum,1,Bom
482,Regular,24,créditos existentes pagos devidamente até agora,1201,4,nenhum,nenhum,1,Bom
483,Negativo,30,créditos existentes pagos devidamente até agora,3622,4,nenhum,nenhum,2,Bom
484,Inexistente,15,atraso no pagamento no passado,960,3,nenhum,nenhum,2,Bom
485,Inexistente,12,conta crítica/outros créditos existentes (não neste banco),1163,4,nenhum,nenhum,1,Bom
486,Regular,6,atraso no pagamento no passado,1209,4,nenhum,nenhum,1,Ruim
487,Inexistente,12,créditos existentes pagos devidamente até agora,3077,2,nenhum,nenhum,1,Bom
488,Inexistente,24,créditos existentes pagos devidamente até agora,3757,4,co-requerente,nenhum,1,Bom
489,Inexistente,10,créditos existentes pagos devidamente até agora,1418,3,nenhum,nenhum,1,Bom
490,Inexistente,6,créditos existentes pagos devidamente até agora,3518,2,fiador,nenhum,1,Bom
491,Inexistente,12,conta crítica/outros créditos existentes (não neste banco),1934,2,nenhum,nenhum,2,Bom
492,Regular,27,nenhum crédito obtido/todos os créditos pagos devidamente,8318,2,nenhum,nenhum,2,Ruim
493,Inexistente,6,conta crítica/outros créditos existentes (não neste banco),1237,1,nenhum,nenhum,2,Bom
494,Regular,6,créditos existentes pagos devidamente até agora,368,4,nenhum,nenhum,1,Bom
495,Negativo,12,conta crítica/outros créditos existentes (não neste banco),2122,3,nenhum,nenhum,2,Bom
496,Negativo,24,créditos existentes pagos devidamente até agora,2996,2,nenhum,nenhum,1,Ruim
497,Regular,36,créditos existentes pagos devidamente até agora,9034,4,co-requerente,nenhum,1,Ruim
498,Inexistente,24,conta crítica/outros créditos existentes (não neste banco),1585,4,nenhum,nenhum,2,Bom
499,Regular,18,créditos existentes pagos devidamente até agora,1301,4,fiador,nenhum,1,Bom
500,Alto,6,conta crítica/outros créditos existentes (não neste banco),1323,2,nenhum,nenhum,2,Bom
501,Negativo,24,créditos existentes pagos devidamente até agora,3123,4,nenhum,nenhum,1,Ruim
502,Negativo,36,créditos existentes pagos devidamente até agora,5493,2,nenhum,nenhum,1,Bom
503,Alto,9,créditos existentes pagos devidamente até agora,1126,2,nenhum,nenhum,1,Bom
504,Regular,24,conta crítica/outros créditos existentes (não neste banco),1216,4,nenhum,banco,2,Ruim
505,Negativo,24,créditos existentes pagos devidamente até agora,1207,4,nenhum,nenhum,1,Ruim
506,Inexistente,10,créditos existentes pagos devidamente até agora,1309,4,fiador,nenhum,1,Ruim
507,Alto,15,conta crítica/outros créditos existentes (não neste banco),2360,2,nenhum,nenhum,1,Bom
508,Regular,15,todos os créditos deste banco foram devidamente pagos,6850,1,nenhum,nenhum,1,Ruim
509,Inexistente,24,créditos existentes pagos devidamente até agora,1413,4,nenhum,nenhum,1,Bom
510,Inexistente,39,créditos existentes pagos devidamente até agora,8588,4,nenhum,nenhum,1,Bom
511,Negativo,12,créditos existentes pagos devidamente até agora,759,4,nenhum,nenhum,1,Ruim
512,Inexistente,36,créditos existentes pagos devidamente até agora,4686,2,nenhum,nenhum,1,Bom
513,Alto,15,créditos existentes pagos devidamente até agora,2687,2,nenhum,nenhum,1,Bom
514,Regular,12,atraso no pagamento no passado,585,4,co-requerente,nenhum,2,Bom
515,Inexistente,24,créditos existentes pagos devidamente até agora,2255,4,nenhum,nenhum,1,Bom
516,Negativo,6,conta crítica/outros créditos existentes (não neste banco),609,4,nenhum,nenhum,2,Bom
517,Negativo,6,conta crítica/outros créditos existentes (não neste banco),1361,2,nenhum,nenhum,1,Bom
518,Inexistente,36,conta crítica/outros créditos existentes (não neste banco),7127,2,nenhum,nenhum,2,Ruim
519,Negativo,6,créditos existentes pagos devidamente até agora,1203,3,nenhum,nenhum,1,Bom
520,Inexistente,6,conta crítica/outros créditos existentes (não neste banco),700,4,nenhum,nenhum,2,Bom
521,Inexistente,24,conta crítica/outros créditos existentes (não neste banco),5507,3,nenhum,nenhum,2,Bom
522,Negativo,18,créditos existentes pagos devidamente até agora,3190,2,nenhum,nenhum,1,Ruim
523,Negativo,48,nenhum crédito obtido/todos os créditos pagos devidamente,7119,3,nenhum,nenhum,2,Ruim
524,Inexistente,24,créditos existentes pagos devidamente até agora,3488,3,nenhum,nenhum,1,Bom
525,Regular,18,créditos existentes pagos devidamente até agora,1113,4,fiador,nenhum,1,Bom
526,Regular,26,créditos existentes pagos devidamente até agora,7966,2,nenhum,nenhum,2,Bom
527,Inexistente,15,conta crítica/outros créditos existentes (não neste banco),1532,4,nenhum,nenhum,1,Bom
528,Inexistente,4,conta crítica/outros créditos existentes (não neste banco),1503,2,nenhum,nenhum,2,Bom
529,Negativo,36,créditos existentes pagos devidamente até agora,2302,4,nenhum,nenhum,1,Ruim
530,Negativo,6,créditos existentes pagos devidamente até agora,662,3,nenhum,nenhum,1,Bom
531,Regular,36,créditos existentes pagos devidamente até agora,2273,3,nenhum,nenhum,2,Bom
532,Regular,15,créditos existentes pagos devidamente até agora,2631,2,nenhum,nenhum,2,Ruim
533,Inexistente,12,atraso no pagamento no passado,1503,4,nenhum,nenhum,1,Bom
534,Inexistente,24,créditos existentes pagos devidamente até agora,1311,4,nenhum,nenhum,1,Bom
535,Inexistente,24,créditos existentes pagos devidamente até agora,3105,4,nenhum,nenhum,2,Bom
536,Alto,21,conta crítica/outros créditos existentes (não neste banco),2319,2,nenhum,nenhum,1,Ruim
537,Negativo,6,créditos existentes pagos devidamente até agora,1374,4,nenhum,nenhum,1,Bom
538,Regular,18,conta crítica/outros créditos existentes (não neste banco),3612,3,nenhum,nenhum,1,Bom
539,Negativo,48,créditos existentes pagos devidamente até agora,7763,4,nenhum,banco,1,Ruim
540,Alto,18,créditos existentes pagos devidamente até agora,3049,1,nenhum,lojas,1,Bom
541,Regular,12,créditos existentes pagos devidamente até agora,1534,1,nenhum,nenhum,1,Ruim
542,Inexistente,24,atraso no pagamento no passado,2032,4,nenhum,nenhum,2,Bom
543,Negativo,30,créditos existentes pagos devidamente até agora,6350,4,nenhum,nenhum,1,Ruim
544,Alto,18,créditos existentes pagos devidamente até agora,2864,2,nenhum,nenhum,1,Ruim
545,Inexistente,12,conta crítica/outros créditos existentes (não neste banco),1255,4,nenhum,nenhum,2,Bom
546,Negativo,24,atraso no pagamento no passado,1333,4,nenhum,nenhum,2,Ruim
547,Inexistente,24,conta crítica/outros créditos existentes (não neste banco),2022,4,nenhum,nenhum,1,Bom
548,Inexistente,24,créditos existentes pagos devidamente até agora,1552,3,nenhum,banco,1,Bom
549,Negativo,12,todos os créditos deste banco foram devidamente pagos,626,4,nenhum,banco,1,Ruim
550,Inexistente,48,conta crítica/outros créditos existentes (não neste banco),8858,2,nenhum,nenhum,2,Bom
551,Inexistente,12,conta crítica/outros créditos existentes (não neste banco),996,4,nenhum,nenhum,2,Bom
552,Inexistente,6,todos os créditos deste banco foram devidamente pagos,1750,2,nenhum,banco,1,Bom
553,Negativo,48,créditos existentes pagos devidamente até agora,6999,1,fiador,nenhum,2,Ruim
554,Regular,12,conta crítica/outros créditos existentes (não neste banco),1995,4,nenhum,nenhum,1,Bom
555,Regular,9,créditos existentes pagos devidamente até agora,1199,4,nenhum,nenhum,2,Bom
556,Regular,12,créditos existentes pagos devidamente até agora,1331,2,nenhum,lojas,1,Ruim
557,Regular,18,nenhum crédito obtido/todos os créditos pagos devidamente,2278,3,nenhum,nenhum,2,Ruim
558,Inexistente,21,nenhum crédito obtido/todos os créditos pagos devidamente,5003,1,nenhum,banco,2,Ruim
559,Negativo,24,todos os créditos deste banco foram devidamente pagos,3552,3,nenhum,banco,1,Ruim
560,Regular,18,conta crítica/outros créditos existentes (não neste banco),1928,2,nenhum,nenhum,2,Ruim
561,Negativo,24,créditos existentes pagos devidamente até agora,2964,4,nenhum,banco,1,Bom
562,Negativo,24,todos os créditos deste banco foram devidamente pagos,1546,4,fiador,banco,1,Ruim
563,Alto,6,atraso no pagamento no passado,683,2,nenhum,banco,1,Bom
564,Regular,36,créditos existentes pagos devidamente até agora,12389,1,nenhum,nenhum,1,Ruim
565,Regular,24,atraso no pagamento no passado,4712,4,nenhum,banco,2,Bom
566,Regular,24,atraso no pagamento no passado,1553,3,nenhum,nenhum,2,Bom
567,Negativo,12,créditos existentes pagos devidamente até agora,1372,2,nenhum,nenhum,1,Ruim
568,Inexistente,24,conta crítica/outros créditos existentes (não neste banco),2578,2,nenhum,nenhum,1,Bom
569,Regular,48,créditos existentes pagos devidamente até agora,3979,4,nenhum,nenhum,2,Bom
570,Negativo,48,créditos existentes pagos devidamente até agora,6758,3,nenhum,nenhum,1,Ruim
571,Negativo,24,créditos existentes pagos devidamente até agora,3234,4,nenhum,nenhum,1,Ruim
572,Inexistente,30,conta crítica/outros créditos existentes (não neste banco),5954,3,co-requerente,nenhum,1,Bom
573,Inexistente,24,créditos existentes pagos devidamente até agora,5433,2,nenhum,nenhum,1,Bom
574,Negativo,15,créditos existentes pagos devidamente até agora,806,4,nenhum,nenhum,1,Bom
575,Regular,9,créditos existentes pagos devidamente até agora,1082,4,nenhum,nenhum,2,Bom
576,Inexistente,15,conta crítica/outros créditos existentes (não neste banco),2788,2,co-requerente,banco,2,Bom
577,Regular,12,créditos existentes pagos devidamente até agora,2930,2,nenhum,nenhum,1,Bom
578,Inexistente,24,conta crítica/outros créditos existentes (não neste banco),1927,3,nenhum,nenhum,2,Bom
579,Regular,36,conta crítica/outros créditos existentes (não neste banco),2820,4,nenhum,nenhum,2,Ruim
580,Inexistente,24,créditos existentes pagos devidamente até agora,937,4,nenhum,nenhum,2,Bom
581,Regular,18,conta crítica/outros créditos existentes (não neste banco),1056,3,fiador,banco,2,Ruim
582,Regular,12,conta crítica/outros créditos existentes (não neste banco),3124,1,nenhum,banco,2,Bom
583,Inexistente,9,créditos existentes pagos devidamente até agora,1388,4,nenhum,nenhum,1,Bom
584,Regular,36,créditos existentes pagos devidamente até agora,2384,4,nenhum,nenhum,1,Ruim
585,Inexistente,12,créditos existentes pagos devidamente até agora,2133,4,nenhum,nenhum,1,Bom
586,Negativo,18,créditos existentes pagos devidamente até agora,2039,1,nenhum,banco,1,Ruim
587,Negativo,9,conta crítica/outros créditos existentes (não neste banco),2799,2,nenhum,nenhum,2,Bom
588,Negativo,12,créditos existentes pagos devidamente até agora,1289,4,fiador,nenhum,1,Bom
589,Negativo,18,créditos existentes pagos devidamente até agora,1217,4,nenhum,nenhum,1,Ruim
590,Negativo,12,conta crítica/outros créditos existentes (não neste banco),2246,3,nenhum,nenhum,2,Ruim
591,Negativo,12,conta crítica/outros créditos existentes (não neste banco),385,4,nenhum,nenhum,4,Bom
592,Regular,24,atraso no pagamento no passado,1965,4,nenhum,nenhum,2,Bom
593,Inexistente,21,créditos existentes pagos devidamente até agora,1572,4,nenhum,banco,1,Bom
594,Regular,24,créditos existentes pagos devidamente até agora,2718,3,nenhum,nenhum,1,Ruim
595,Negativo,24,todos os créditos deste banco foram devidamente pagos,1358,4,nenhum,lojas,1,Ruim
596,Regular,6,todos os créditos deste banco foram devidamente pagos,931,1,nenhum,lojas,1,Ruim
597,Negativo,24,créditos existentes pagos devidamente até agora,1442,4,nenhum,nenhum,2,Ruim
598,Regular,24,nenhum crédito obtido/todos os créditos pagos devidamente,4241,1,nenhum,nenhum,3,Ruim
599,Inexistente,18,conta crítica/outros créditos existentes (não neste banco),2775,2,nenhum,banco,2,Ruim
600,Inexistente,24,atraso no pagamento no passado,3863,1,nenhum,nenhum,1,Bom
601,Regular,7,créditos existentes pagos devidamente até agora,2329,1,fiador,nenhum,1,Bom
602,Regular,9,créditos existentes pagos devidamente até agora,918,4,nenhum,nenhum,1,Ruim
603,Regular,24,todos os créditos deste banco foram devidamente pagos,1837,4,nenhum,banco,1,Ruim
604,Inexistente,36,créditos existentes pagos devidamente até agora,3349,4,nenhum,nenhum,1,Ruim
605,Alto,10,créditos existentes pagos devidamente até agora,1275,4,nenhum,nenhum,1,Bom
606,Negativo,24,todos os créditos deste banco foram devidamente pagos,2828,4,nenhum,lojas,1,Bom
607,Inexistente,24,conta crítica/outros créditos existentes (não neste banco),4526,3,nenhum,nenhum,1,Bom
608,Regular,36,créditos existentes pagos devidamente até agora,2671,4,co-requerente,nenhum,1,Ruim
609,Inexistente,18,créditos existentes pagos devidamente até agora,2051,4,nenhum,nenhum,1,Bom
610,Inexistente,15,créditos existentes pagos devidamente até agora,1300,4,nenhum,banco,1,Bom
611,Negativo,12,créditos existentes pagos devidamente até agora,741,4,nenhum,nenhum,1,Ruim
612,Alto,10,créditos existentes pagos devidamente até agora,1240,1,nenhum,nenhum,1,Ruim
613,Negativo,21,créditos existentes pagos devidamente até agora,3357,4,nenhum,banco,1,Bom
614,Negativo,24,todos os créditos deste banco foram devidamente pagos,3632,1,fiador,banco,1,Bom
615,Inexistente,18,atraso no pagamento no passado,1808,4,nenhum,nenhum,1,Ruim
616,Regular,48,nenhum crédito obtido/todos os créditos pagos devidamente,12204,2,nenhum,banco,1,Bom
617,Regular,60,atraso no pagamento no passado,9157,2,nenhum,nenhum,1,Bom
618,Negativo,6,conta crítica/outros créditos existentes (não neste banco),3676,1,nenhum,nenhum,3,Bom
619,Regular,30,créditos existentes pagos devidamente até agora,3441,2,co-requerente,nenhum,1,Ruim
620,Inexistente,12,créditos existentes pagos devidamente até agora,640,4,nenhum,nenhum,1,Bom
621,Regular,21,conta crítica/outros créditos existentes (não neste banco),3652,2,nenhum,nenhum,2,Bom
622,Inexistente,18,conta crítica/outros créditos existentes (não neste banco),1530,3,nenhum,banco,2,Ruim
623,Inexistente,48,créditos existentes pagos devidamente até agora,3914,4,nenhum,banco,1,Ruim
624,Negativo,12,créditos existentes pagos devidamente até agora,1858,4,nenhum,nenhum,1,Bom
625,Negativo,18,créditos existentes pagos devidamente até agora,2600,4,nenhum,nenhum,2,Ruim
626,Inexistente,15,créditos existentes pagos devidamente até agora,1979,4,nenhum,nenhum,1,Bom
627,Alto,6,créditos existentes pagos devidamente até agora,2116,2,nenhum,nenhum,1,Bom
628,Regular,9,todos os créditos deste banco foram devidamente pagos,1437,2,nenhum,nenhum,1,Ruim
629,Inexistente,42,conta crítica/outros créditos existentes (não neste banco),4042,4,nenhum,nenhum,2,Bom
630,Inexistente,9,créditos existentes pagos devidamente até agora,3832,1,nenhum,nenhum,1,Bom
631,Negativo,24,créditos existentes pagos devidamente até agora,3660,2,nenhum,nenhum,1,Bom
632,Negativo,18,todos os créditos deste banco foram devidamente pagos,1553,4,nenhum,banco,1,Ruim
633,Regular,15,créditos existentes pagos devidamente até agora,1444,4,nenhum,nenhum,1,Bom
634,Inexistente,9,créditos existentes pagos devidamente até agora,1980,2,co-requerente,nenhum,2,Ruim
635,Regular,24,créditos existentes pagos devidamente até agora,1355,3,nenhum,nenhum,1,Ruim
636,Inexistente,12,créditos existentes pagos devidamente até agora,1393,4,nenhum,banco,3,Bom
637,Inexistente,24,créditos existentes pagos devidamente até agora,1376,4,nenhum,nenhum,1,Bom
638,Inexistente,60,atraso no pagamento no passado,15653,2,nenhum,nenhum,2,Bom
639,Inexistente,12,créditos existentes pagos devidamente até agora,1493,4,nenhum,nenhum,1,Bom
640,Negativo,42,atraso no pagamento no passado,4370,3,nenhum,banco,2,Ruim
641,Negativo,18,créditos existentes pagos devidamente até agora,750,4,nenhum,nenhum,1,Ruim
642,Regular,15,créditos existentes pagos devidamente até agora,1308,4,nenhum,nenhum,2,Bom
643,Inexistente,15,créditos existentes pagos devidamente até agora,4623,3,nenhum,nenhum,1,Ruim
644,Inexistente,24,conta crítica/outros créditos existentes (não neste banco),1851,4,fiador,nenhum,2,Bom
645,Negativo,18,conta crítica/outros créditos existentes (não neste banco),1880,4,nenhum,nenhum,2,Bom
646,Inexistente,36,atraso no pagamento no passado,7980,4,nenhum,nenhum,2,Ruim
647,Negativo,30,nenhum crédito obtido/todos os créditos pagos devidamente,4583,2,fiador,nenhum,2,Bom
648,Inexistente,12,créditos existentes pagos devidamente até agora,1386,2,nenhum,nenhum,1,Ruim
649,Alto,24,créditos existentes pagos devidamente até agora,947,4,nenhum,banco,1,Ruim
650,Negativo,12,créditos existentes pagos devidamente até agora,684,4,nenhum,nenhum,1,Ruim
651,Negativo,48,créditos existentes pagos devidamente até agora,7476,4,nenhum,nenhum,1,Bom
652,Regular,12,créditos existentes pagos devidamente até agora,1922,4,nenhum,nenhum,1,Ruim
653,Negativo,24,créditos existentes pagos devidamente até agora,2303,4,co-requerente,nenhum,1,Ruim
654,Regular,36,atraso no pagamento no passado,8086,2,nenhum,nenhum,4,Ruim
655,Inexistente,24,conta crítica/outros créditos existentes (não neste banco),2346,4,nenhum,nenhum,2,Bom
656,Negativo,14,créditos existentes pagos devidamente até agora,3973,1,nenhum,nenhum,1,Bom
657,Regular,12,créditos existentes pagos devidamente até agora,888,4,nenhum,banco,1,Ruim
658,Inexistente,48,créditos existentes pagos devidamente até agora,10222,4,nenhum,lojas,1,Bom
659,Regular,30,nenhum crédito obtido/todos os créditos pagos devidamente,4221,2,nenhum,nenhum,2,Bom
660,Regular,18,conta crítica/outros créditos existentes (não neste banco),6361,2,nenhum,nenhum,1,Bom
661,Alto,12,créditos existentes pagos devidamente até agora,1297,3,nenhum,nenhum,1,Bom
662,Negativo,12,créditos existentes pagos devidamente até agora,900,4,nenhum,nenhum,1,Ruim
663,Inexistente,21,créditos existentes pagos devidamente até agora,2241,4,nenhum,nenhum,2,Bom
664,Regular,6,atraso no pagamento no passado,1050,4,nenhum,lojas,2,Bom
665,Alto,6,conta crítica/outros créditos existentes (não neste banco),1047,2,nenhum,nenhum,1,Bom
666,Inexistente,24,conta crítica/outros créditos existentes (não neste banco),6314,4,co-requerente,banco,2,Bom
667,Regular,30,todos os créditos deste banco foram devidamente pagos,3496,4,nenhum,lojas,1,Bom
668,Inexistente,48,todos os créditos deste banco foram devidamente pagos,3609,1,nenhum,lojas,1,Bom
669,Negativo,12,conta crítica/outros créditos existentes (não neste banco),4843,3,co-requerente,nenhum,2,Ruim
670,Alto,30,conta crítica/outros créditos existentes (não neste banco),3017,4,nenhum,nenhum,1,Bom
671,Inexistente,24,conta crítica/outros créditos existentes (não neste banco),4139,3,nenhum,nenhum,2,Bom
672,Inexistente,36,créditos existentes pagos devidamente até agora,5742,2,nenhum,nenhum,2,Bom
673,Inexistente,60,créditos existentes pagos devidamente até agora,10366,2,nenhum,nenhum,1,Bom
674,Inexistente,6,conta crítica/outros créditos existentes (não neste banco),2080,1,nenhum,nenhum,1,Bom
675,Inexistente,21,atraso no pagamento no passado,2580,4,nenhum,banco,1,Ruim
676,Inexistente,30,conta crítica/outros créditos existentes (não neste banco),4530,4,nenhum,nenhum,1,Bom
677,Inexistente,24,conta crítica/outros créditos existentes (não neste banco),5150,4,nenhum,nenhum,1,Bom
678,Regular,72,créditos existentes pagos devidamente até agora,5595,2,nenhum,nenhum,1,Ruim
679,Negativo,24,créditos existentes pagos devidamente até agora,2384,4,nenhum,banco,1,Bom
680,Inexistente,18,créditos existentes pagos devidamente até agora,1453,3,nenhum,nenhum,1,Bom
681,Inexistente,6,créditos existentes pagos devidamente até agora,1538,1,nenhum,nenhum,1,Bom
682,Inexistente,12,créditos existentes pagos devidamente até agora,2279,4,nenhum,nenhum,1,Bom
683,Inexistente,15,atraso no pagamento no passado,1478,4,nenhum,banco,2,Bom
684,Inexistente,24,conta crítica/outros créditos existentes (não neste banco),5103,3,nenhum,nenhum,3,Bom
685,Regular,36,atraso no pagamento no passado,9857,1,nenhum,nenhum,2,Bom
686,Inexistente,60,créditos existentes pagos devidamente até agora,6527,4,nenhum,nenhum,1,Bom
687,Alto,10,conta crítica/outros créditos existentes (não neste banco),1347,4,nenhum,nenhum,2,Bom
688,Regular,36,atraso no pagamento no passado,2862,4,nenhum,nenhum,1,Bom
689,Inexistente,9,créditos existentes pagos devidamente até agora,2753,3,co-requerente,nenhum,1,Bom
690,Negativo,12,créditos existentes pagos devidamente até agora,3651,1,nenhum,nenhum,1,Bom
691,Negativo,15,conta crítica/outros créditos existentes (não neste banco),975,2,nenhum,nenhum,2,Bom
692,Regular,15,créditos existentes pagos devidamente até agora,2631,3,nenhum,nenhum,1,Bom
693,Regular,24,créditos existentes pagos devidamente até agora,2896,2,nenhum,nenhum,1,Bom
694,Negativo,6,conta crítica/outros créditos existentes (não neste banco),4716,1,nenhum,nenhum,2,Bom
695,Inexistente,24,créditos existentes pagos devidamente até agora,2284,4,nenhum,nenhum,1,Bom
696,Inexistente,6,créditos existentes pagos devidamente até agora,1236,2,nenhum,nenhum,1,Bom
697,Regular,12,créditos existentes pagos devidamente até agora,1103,4,fiador,nenhum,2,Bom
698,Inexistente,12,conta crítica/outros créditos existentes (não neste banco),926,1,nenhum,nenhum,1,Bom
699,Inexistente,18,conta crítica/outros créditos existentes (não neste banco),1800,4,nenhum,nenhum,2,Bom
700,Alto,15,créditos existentes pagos devidamente até agora,1905,4,nenhum,nenhum,1,Bom
701,Inexistente,12,créditos existentes pagos devidamente até agora,1123,4,nenhum,nenhum,1,Ruim
702,Negativo,48,conta crítica/outros créditos existentes (não neste banco),6331,4,nenhum,nenhum,2,Ruim
703,Alto,24,créditos existentes pagos devidamente até agora,1377,4,nenhum,nenhum,1,Bom
704,Regular,30,atraso no pagamento no passado,2503,4,nenhum,lojas,2,Bom
705,Regular,27,créditos existentes pagos devidamente até agora,2528,4,nenhum,nenhum,1,Bom
706,Inexistente,15,créditos existentes pagos devidamente até agora,5324,1,nenhum,nenhum,1,Bom
707,Regular,48,créditos existentes pagos devidamente até agora,6560,3,nenhum,nenhum,1,Ruim
708,Regular,12,nenhum crédito obtido/todos os créditos pagos devidamente,2969,4,nenhum,nenhum,2,Ruim
709,Regular,9,créditos existentes pagos devidamente até agora,1206,4,nenhum,nenhum,1,Bom
710,Regular,9,créditos existentes pagos devidamente até agora,2118,2,nenhum,nenhum,1,Bom
711,Inexistente,18,conta crítica/outros créditos existentes (não neste banco),629,4,nenhum,banco,2,Bom
712,Negativo,6,todos os créditos deste banco foram devidamente pagos,1198,4,nenhum,nenhum,1,Ruim
713,Inexistente,21,créditos existentes pagos devidamente até agora,2476,4,nenhum,nenhum,1,Bom
714,Negativo,9,conta crítica/outros créditos existentes (não neste banco),1138,4,nenhum,nenhum,2,Bom
715,Regular,60,créditos existentes pagos devidamente até agora,14027,4,nenhum,nenhum,1,Ruim
716,Inexistente,30,conta crítica/outros créditos existentes (não neste banco),7596,1,nenhum,nenhum,2,Bom
717,Inexistente,30,conta crítica/outros créditos existentes (não neste banco),3077,3,nenhum,nenhum,2,Bom
718,Inexistente,18,créditos existentes pagos devidamente até agora,1505,4,nenhum,nenhum,1,Bom
719,Alto,24,conta crítica/outros créditos existentes (não neste banco),3148,3,nenhum,nenhum,2,Bom
720,Regular,20,nenhum crédito obtido/todos os créditos pagos devidamente,6148,3,nenhum,banco,2,Bom
721,Alto,9,nenhum crédito obtido/todos os créditos pagos devidamente,1337,4,nenhum,nenhum,2,Ruim
722,Regular,6,todos os créditos deste banco foram devidamente pagos,433,4,nenhum,banco,1,Ruim
723,Negativo,12,créditos existentes pagos devidamente até agora,1228,4,nenhum,nenhum,1,Ruim
724,Regular,9,créditos existentes pagos devidamente até agora,790,4,nenhum,nenhum,1,Bom
725,Inexistente,27,créditos existentes pagos devidamente até agora,2570,3,nenhum,nenhum,1,Ruim
726,Inexistente,6,conta crítica/outros créditos existentes (não neste banco),250,2,nenhum,banco,2,Bom
727,Inexistente,15,conta crítica/outros créditos existentes (não neste banco),1316,2,nenhum,nenhum,2,Bom
728,Negativo,18,créditos existentes pagos devidamente até agora,1882,4,nenhum,banco,2,Ruim
729,Regular,48,todos os créditos deste banco foram devidamente pagos,6416,4,nenhum,nenhum,1,Ruim
730,Alto,24,conta crítica/outros créditos existentes (não neste banco),1275,2,nenhum,nenhum,2,Bom
731,Regular,24,atraso no pagamento no passado,6403,1,nenhum,nenhum,1,Bom
732,Negativo,24,créditos existentes pagos devidamente até agora,1987,2,nenhum,nenhum,1,Ruim
733,Regular,8,créditos existentes pagos devidamente até agora,760,4,fiador,nenhum,1,Bom
734,Inexistente,24,créditos existentes pagos devidamente até agora,2603,2,nenhum,nenhum,1,Bom
735,Inexistente,4,conta crítica/outros créditos existentes (não neste banco),3380,1,nenhum,nenhum,1,Bom
736,Regular,36,todos os créditos deste banco foram devidamente pagos,3990,3,nenhum,banco,1,Bom
737,Regular,24,créditos existentes pagos devidamente até agora,11560,1,nenhum,nenhum,2,Ruim
738,Negativo,18,créditos existentes pagos devidamente até agora,4380,3,nenhum,nenhum,1,Bom
739,Inexistente,6,conta crítica/outros créditos existentes (não neste banco),6761,1,nenhum,nenhum,2,Bom
740,Regular,30,nenhum crédito obtido/todos os créditos pagos devidamente,4280,4,nenhum,nenhum,2,Ruim
741,Negativo,24,todos os créditos deste banco foram devidamente pagos,2325,2,nenhum,banco,1,Bom
742,Regular,10,todos os créditos deste banco foram devidamente pagos,1048,4,nenhum,lojas,1,Bom
743,Inexistente,21,créditos existentes pagos devidamente até agora,3160,4,nenhum,nenhum,1,Bom
744,Negativo,24,todos os créditos deste banco foram devidamente pagos,2483,4,nenhum,lojas,1,Bom
745,Negativo,39,conta crítica/outros créditos existentes (não neste banco),14179,4,nenhum,nenhum,2,Bom
746,Negativo,13,conta crítica/outros créditos existentes (não neste banco),1797,3,nenhum,banco,2,Bom
747,Negativo,15,créditos existentes pagos devidamente até agora,2511,1,nenhum,nenhum,1,Bom
748,Negativo,12,créditos existentes pagos devidamente até agora,1274,3,nenhum,nenhum,1,Ruim
749,Inexistente,21,créditos existentes pagos devidamente até agora,5248,1,nenhum,nenhum,1,Bom
750,Inexistente,15,créditos existentes pagos devidamente até agora,3029,2,nenhum,nenhum,1,Bom
751,Negativo,6,créditos existentes pagos devidamente até agora,428,2,nenhum,banco,1,Bom
752,Negativo,18,créditos existentes pagos devidamente até agora,976,1,nenhum,nenhum,1,Ruim
753,Regular,12,créditos existentes pagos devidamente até agora,841,2,nenhum,nenhum,1,Bom
754,Inexistente,30,conta crítica/outros créditos existentes (não neste banco),5771,4,nenhum,nenhum,2,Bom
755,Inexistente,12,atraso no pagamento no passado,1555,4,nenhum,nenhum,2,Ruim
756,Negativo,24,créditos existentes pagos devidamente até agora,1285,4,nenhum,nenhum,1,Ruim
757,Alto,6,conta crítica/outros créditos existentes (não neste banco),1299,1,nenhum,nenhum,3,Bom
758,Alto,15,conta crítica/outros créditos existentes (não neste banco),1271,3,nenhum,nenhum,2,Ruim
759,Inexistente,24,créditos existentes pagos devidamente até agora,1393,2,fiador,nenhum,1,Bom
760,Negativo,12,conta crítica/outros créditos existentes (não neste banco),691,4,nenhum,nenhum,2,Ruim
761,Inexistente,15,conta crítica/outros créditos existentes (não neste banco),5045,1,nenhum,nenhum,1,Bom
762,Negativo,18,conta crítica/outros créditos existentes (não neste banco),2124,4,nenhum,nenhum,2,Ruim
763,Negativo,12,créditos existentes pagos devidamente até agora,2214,4,nenhum,nenhum,1,Bom
764,Inexistente,21,conta crítica/outros créditos existentes (não neste banco),12680,4,nenhum,nenhum,1,Ruim
765,Inexistente,24,conta crítica/outros créditos existentes (não neste banco),2463,4,nenhum,nenhum,2,Bom
766,Regular,12,créditos existentes pagos devidamente até agora,1155,3,fiador,banco,2,Bom
767,Negativo,30,créditos existentes pagos devidamente até agora,3108,2,nenhum,nenhum,1,Ruim
768,Inexistente,10,créditos existentes pagos devidamente até agora,2901,1,nenhum,nenhum,1,Bom
769,Regular,12,conta crítica/outros créditos existentes (não neste banco),3617,1,nenhum,nenhum,3,Bom
770,Inexistente,12,conta crítica/outros créditos existentes (não neste banco),1655,2,nenhum,nenhum,2,Bom
771,Negativo,24,créditos existentes pagos devidamente até agora,2812,2,nenhum,nenhum,1,Bom
772,Negativo,36,conta crítica/outros créditos existentes (não neste banco),8065,3,nenhum,nenhum,2,Ruim
773,Inexistente,21,conta crítica/outros créditos existentes (não neste banco),3275,1,nenhum,nenhum,1,Bom
774,Inexistente,24,conta crítica/outros créditos existentes (não neste banco),2223,4,nenhum,banco,2,Bom
775,Alto,12,conta crítica/outros créditos existentes (não neste banco),1480,2,nenhum,banco,3,Bom
776,Negativo,24,créditos existentes pagos devidamente até agora,1371,4,nenhum,nenhum,1,Ruim
777,Inexistente,36,conta crítica/outros créditos existentes (não neste banco),3535,4,nenhum,nenhum,2,Bom
778,Negativo,18,créditos existentes pagos devidamente até agora,3509,4,fiador,nenhum,1,Bom
779,Inexistente,36,conta crítica/outros créditos existentes (não neste banco),5711,4,nenhum,nenhum,2,Bom
780,Regular,18,créditos existentes pagos devidamente até agora,3872,2,nenhum,nenhum,1,Bom
781,Regular,39,conta crítica/outros créditos existentes (não neste banco),4933,2,fiador,nenhum,2,Ruim
782,Inexistente,24,conta crítica/outros créditos existentes (não neste banco),1940,4,nenhum,nenhum,1,Bom
783,Regular,12,nenhum crédito obtido/todos os créditos pagos devidamente,1410,2,nenhum,nenhum,1,Bom
784,Regular,12,créditos existentes pagos devidamente até agora,836,4,nenhum,banco,1,Ruim
785,Regular,20,créditos existentes pagos devidamente até agora,6468,1,nenhum,nenhum,1,Bom
786,Regular,18,créditos existentes pagos devidamente até agora,1941,4,nenhum,nenhum,1,Bom
787,Inexistente,22,créditos existentes pagos devidamente até agora,2675,3,nenhum,nenhum,1,Bom
788,Inexistente,48,conta crítica/outros créditos existentes (não neste banco),2751,4,nenhum,nenhum,2,Bom
789,Regular,48,atraso no pagamento no passado,6224,4,nenhum,nenhum,1,Ruim
790,Negativo,40,conta crítica/outros créditos existentes (não neste banco),5998,4,nenhum,banco,1,Ruim
791,Regular,21,créditos existentes pagos devidamente até agora,1188,2,nenhum,nenhum,1,Ruim
792,Inexistente,24,créditos existentes pagos devidamente até agora,6313,3,nenhum,nenhum,1,Bom
793,Inexistente,6,conta crítica/outros créditos existentes (não neste banco),1221,1,nenhum,nenhum,2,Bom
794,Alto,24,créditos existentes pagos devidamente até agora,2892,3,nenhum,nenhum,1,Bom
795,Inexistente,24,créditos existentes pagos devidamente até agora,3062,4,nenhum,nenhum,1,Bom
796,Inexistente,9,créditos existentes pagos devidamente até agora,2301,2,nenhum,nenhum,1,Bom
797,Negativo,18,créditos existentes pagos devidamente até agora,7511,1,nenhum,nenhum,1,Ruim
798,Inexistente,12,conta crítica/outros créditos existentes (não neste banco),1258,2,nenhum,nenhum,2,Bom
799,Inexistente,24,atraso no pagamento no passado,717,4,nenhum,nenhum,2,Bom
800,Regular,9,créditos existentes pagos devidamente até agora,1549,4,nenhum,nenhum,1,Bom
801,Inexistente,24,conta crítica/outros créditos existentes (não neste banco),1597,4,nenhum,nenhum,2,Bom
802,Regular,18,conta crítica/outros créditos existentes (não neste banco),1795,3,fiador,banco,2,Bom
803,Negativo,20,conta crítica/outros créditos existentes (não neste banco),4272,1,nenhum,nenhum,2,Bom
804,Inexistente,12,conta crítica/outros créditos existentes (não neste banco),976,4,nenhum,nenhum,2,Bom
805,Regular,12,créditos existentes pagos devidamente até agora,7472,1,nenhum,nenhum,1,Bom
806,Negativo,36,créditos existentes pagos devidamente até agora,9271,2,nenhum,nenhum,1,Ruim
807,Regular,6,créditos existentes pagos devidamente até agora,590,3,nenhum,nenhum,1,Bom
808,Inexistente,12,conta crítica/outros créditos existentes (não neste banco),930,4,nenhum,nenhum,4,Bom
809,Regular,42,todos os créditos deste banco foram devidamente pagos,9283,1,nenhum,banco,1,Bom
810,Regular,15,nenhum crédito obtido/todos os créditos pagos devidamente,1778,2,nenhum,nenhum,2,Ruim
811,Regular,8,créditos existentes pagos devidamente até agora,907,3,nenhum,nenhum,1,Bom
812,Regular,6,créditos existentes pagos devidamente até agora,484,3,fiador,banco,1,Bom
813,Negativo,36,conta crítica/outros créditos existentes (não neste banco),9629,4,nenhum,nenhum,2,Ruim
814,Negativo,48,créditos existentes pagos devidamente até agora,3051,3,nenhum,nenhum,1,Ruim
815,Negativo,48,créditos existentes pagos devidamente até agora,3931,4,nenhum,nenhum,1,Ruim
816,Regular,36,atraso no pagamento no passado,7432,2,nenhum,nenhum,1,Bom
817,Inexistente,6,créditos existentes pagos devidamente até agora,1338,1,nenhum,nenhum,1,Bom
818,Inexistente,6,conta crítica/outros créditos existentes (não neste banco),1554,1,nenhum,nenhum,2,Bom
819,Negativo,36,créditos existentes pagos devidamente até agora,15857,2,co-requerente,nenhum,1,Bom
820,Negativo,18,créditos existentes pagos devidamente até agora,1345,4,nenhum,banco,1,Ruim
821,Inexistente,12,créditos existentes pagos devidamente até agora,1101,3,nenhum,nenhum,2,Bom
822,Alto,12,créditos existentes pagos devidamente até agora,3016,3,nenhum,nenhum,1,Bom
823,Negativo,36,créditos existentes pagos devidamente até agora,2712,2,nenhum,banco,1,Ruim
824,Negativo,8,conta crítica/outros créditos existentes (não neste banco),731,4,nenhum,nenhum,2,Bom
825,Inexistente,18,conta crítica/outros créditos existentes (não neste banco),3780,3,nenhum,nenhum,2,Bom
826,Negativo,21,conta crítica/outros créditos existentes (não neste banco),1602,4,nenhum,nenhum,2,Bom
827,Negativo,18,conta crítica/outros créditos existentes (não neste banco),3966,1,nenhum,banco,3,Ruim
828,Inexistente,18,nenhum crédito obtido/todos os créditos pagos devidamente,4165,2,nenhum,lojas,2,Ruim
829,Negativo,36,créditos existentes pagos devidamente até agora,8335,3,nenhum,nenhum,1,Ruim
830,Regular,48,atraso no pagamento no passado,6681,4,nenhum,nenhum,1,Bom
831,Inexistente,24,atraso no pagamento no passado,2375,4,nenhum,nenhum,2,Bom
832,Negativo,18,créditos existentes pagos devidamente até agora,1216,4,nenhum,nenhum,1,Ruim
833,Negativo,45,nenhum crédito obtido/todos os créditos pagos devidamente,11816,2,nenhum,nenhum,2,Ruim
834,Regular,24,créditos existentes pagos devidamente até agora,5084,2,nenhum,nenhum,1,Bom
835,Alto,15,créditos existentes pagos devidamente até agora,2327,2,nenhum,nenhum,1,Ruim
836,Negativo,12,nenhum crédito obtido/todos os créditos pagos devidamente,1082,4,nenhum,banco,2,Ruim
837,Inexistente,12,créditos existentes pagos devidamente até agora,886,4,nenhum,nenhum,1,Bom
838,Inexistente,4,créditos existentes pagos devidamente até agora,601,1,nenhum,nenhum,1,Bom
839,Negativo,24,conta crítica/outros créditos existentes (não neste banco),2957,4,nenhum,nenhum,2,Bom
840,Inexistente,24,conta crítica/outros créditos existentes (não neste banco),2611,4,co-requerente,nenhum,2,Bom
841,Negativo,36,créditos existentes pagos devidamente até agora,5179,4,nenhum,nenhum,1,Ruim
842,Inexistente,21,atraso no pagamento no passado,2993,3,nenhum,lojas,2,Bom
843,Inexistente,18,créditos existentes pagos devidamente até agora,1943,4,nenhum,nenhum,1,Ruim
844,Inexistente,24,todos os créditos deste banco foram devidamente pagos,1559,4,nenhum,banco,1,Bom
845,Inexistente,18,créditos existentes pagos devidamente até agora,3422,4,nenhum,banco,3,Bom
846,Regular,21,créditos existentes pagos devidamente até agora,3976,2,nenhum,nenhum,1,Bom
847,Inexistente,18,créditos existentes pagos devidamente até agora,6761,2,nenhum,nenhum,2,Ruim
848,Inexistente,24,créditos existentes pagos devidamente até agora,1249,4,nenhum,nenhum,1,Bom
849,Negativo,9,créditos existentes pagos devidamente até agora,1364,3,nenhum,nenhum,1,Bom
850,Negativo,12,créditos existentes pagos devidamente até agora,709,4,nenhum,lojas,1,Ruim
851,Negativo,20,conta crítica/outros créditos existentes (não neste banco),2235,4,fiador,banco,2,Ruim
852,Inexistente,24,conta crítica/outros créditos existentes (não neste banco),4042,3,nenhum,nenhum,2,Bom
853,Inexistente,15,conta crítica/outros créditos existentes (não neste banco),1471,4,nenhum,nenhum,2,Bom
854,Negativo,18,todos os créditos deste banco foram devidamente pagos,1442,4,nenhum,nenhum,2,Ruim
855,Inexistente,36,atraso no pagamento no passado,10875,2,nenhum,nenhum,2,Bom
856,Inexistente,24,créditos existentes pagos devidamente até agora,1474,4,nenhum,nenhum,1,Bom
857,Inexistente,10,créditos existentes pagos devidamente até agora,894,4,nenhum,nenhum,1,Bom
858,Inexistente,15,conta crítica/outros créditos existentes (não neste banco),3343,4,nenhum,nenhum,1,Bom
859,Negativo,15,créditos existentes pagos devidamente até agora,3959,3,nenhum,nenhum,1,Ruim
860,Inexistente,9,créditos existentes pagos devidamente até agora,3577,1,fiador,nenhum,1,Bom
861,Inexistente,24,conta crítica/outros créditos existentes (não neste banco),5804,4,nenhum,nenhum,2,Bom
862,Inexistente,18,atraso no pagamento no passado,2169,4,nenhum,nenhum,1,Ruim
863,Negativo,24,créditos existentes pagos devidamente até agora,2439,4,nenhum,nenhum,1,Ruim
864,Inexistente,27,conta crítica/outros créditos existentes (não neste banco),4526,4,nenhum,lojas,2,Bom
865,Inexistente,10,créditos existentes pagos devidamente até agora,2210,2,nenhum,banco,1,Ruim
866,Inexistente,15,créditos existentes pagos devidamente até agora,2221,2,nenhum,nenhum,1,Bom
867,Negativo,18,créditos existentes pagos devidamente até agora,2389,4,nenhum,lojas,1,Bom
868,Inexistente,12,conta crítica/outros créditos existentes (não neste banco),3331,2,nenhum,lojas,1,Bom
869,Inexistente,36,créditos existentes pagos devidamente até agora,7409,3,nenhum,nenhum,2,Bom
870,Negativo,12,créditos existentes pagos devidamente até agora,652,4,nenhum,nenhum,1,Bom
871,Inexistente,36,atraso no pagamento no passado,7678,2,nenhum,nenhum,2,Bom
872,Alto,6,conta crítica/outros créditos existentes (não neste banco),1343,1,nenhum,nenhum,2,Bom
873,Negativo,24,conta crítica/outros créditos existentes (não neste banco),1382,4,nenhum,nenhum,2,Bom
874,Inexistente,15,créditos existentes pagos devidamente até agora,874,4,nenhum,nenhum,1,Bom
875,Negativo,12,créditos existentes pagos devidamente até agora,3590,2,co-requerente,nenhum,1,Bom
876,Regular,11,conta crítica/outros créditos existentes (não neste banco),1322,4,nenhum,nenhum,2,Bom
877,Negativo,18,todos os créditos deste banco foram devidamente pagos,1940,3,co-requerente,banco,1,Bom
878,Inexistente,36,créditos existentes pagos devidamente até agora,3595,4,nenhum,nenhum,1,Bom
879,Negativo,9,créditos existentes pagos devidamente até agora,1422,3,nenhum,nenhum,1,Ruim
880,Inexistente,30,conta crítica/outros créditos existentes (não neste banco),6742,2,nenhum,nenhum,2,Bom
881,Inexistente,24,créditos existentes pagos devidamente até agora,7814,3,nenhum,nenhum,1,Bom
882,Inexistente,24,créditos existentes pagos devidamente até agora,9277,2,nenhum,nenhum,1,Bom
883,Regular,30,conta crítica/outros créditos existentes (não neste banco),2181,4,nenhum,nenhum,2,Bom
884,Inexistente,18,conta crítica/outros créditos existentes (não neste banco),1098,4,nenhum,nenhum,2,Bom
885,Regular,24,créditos existentes pagos devidamente até agora,4057,3,nenhum,nenhum,1,Ruim
886,Negativo,12,créditos existentes pagos devidamente até agora,795,4,nenhum,nenhum,1,Ruim
887,Regular,24,conta crítica/outros créditos existentes (não neste banco),2825,4,nenhum,nenhum,2,Bom
888,Regular,48,créditos existentes pagos devidamente até agora,15672,2,nenhum,nenhum,1,Ruim
889,Inexistente,36,conta crítica/outros créditos existentes (não neste banco),6614,4,nenhum,nenhum,2,Bom
890,Inexistente,28,todos os créditos deste banco foram devidamente pagos,7824,3,fiador,banco,2,Bom
891,Negativo,27,conta crítica/outros créditos existentes (não neste banco),2442,4,nenhum,lojas,4,Bom
892,Inexistente,15,conta crítica/outros créditos existentes (não neste banco),1829,4,nenhum,nenhum,2,Bom
893,Negativo,12,conta crítica/outros créditos existentes (não neste banco),2171,4,nenhum,banco,2,Bom
894,Regular,36,conta crítica/outros créditos existentes (não neste banco),5800,3,nenhum,nenhum,2,Bom
895,Inexistente,18,conta crítica/outros créditos existentes (não neste banco),1169,4,nenhum,nenhum,2,Bom
896,Inexistente,36,atraso no pagamento no passado,8947,3,nenhum,lojas,1,Bom
897,Negativo,21,créditos existentes pagos devidamente até agora,2606,4,nenhum,nenhum,1,Bom
898,Inexistente,12,conta crítica/outros créditos existentes (não neste banco),1592,3,nenhum,nenhum,1,Bom
899,Inexistente,15,créditos existentes pagos devidamente até agora,2186,1,nenhum,banco,1,Bom
900,Negativo,18,créditos existentes pagos devidamente até agora,4153,2,co-requerente,nenhum,1,Ruim
901,Negativo,16,conta crítica/outros créditos existentes (não neste banco),2625,2,fiador,banco,1,Ruim
902,Inexistente,20,conta crítica/outros créditos existentes (não neste banco),3485,2,nenhum,nenhum,2,Bom
903,Inexistente,36,conta crítica/outros créditos existentes (não neste banco),10477,2,nenhum,nenhum,2,Bom
904,Inexistente,15,créditos existentes pagos devidamente até agora,1386,4,nenhum,nenhum,1,Bom
905,Inexistente,24,créditos existentes pagos devidamente até agora,1278,4,nenhum,nenhum,1,Bom
906,Negativo,12,créditos existentes pagos devidamente até agora,1107,2,nenhum,nenhum,1,Bom
907,Negativo,21,créditos existentes pagos devidamente até agora,3763,2,co-requerente,nenhum,1,Bom
908,Regular,36,créditos existentes pagos devidamente até agora,3711,2,nenhum,nenhum,1,Bom
909,Inexistente,15,atraso no pagamento no passado,3594,1,nenhum,nenhum,2,Bom
910,Regular,9,créditos existentes pagos devidamente até agora,3195,1,nenhum,nenhum,1,Bom
911,Inexistente,36,atraso no pagamento no passado,4454,4,nenhum,nenhum,2,Bom
912,Regular,24,conta crítica/outros créditos existentes (não neste banco),4736,2,nenhum,banco,1,Ruim
913,Regular,30,créditos existentes pagos devidamente até agora,2991,2,nenhum,nenhum,1,Bom
914,Inexistente,11,créditos existentes pagos devidamente até agora,2142,1,nenhum,nenhum,1,Bom
915,Negativo,24,todos os créditos deste banco foram devidamente pagos,3161,4,nenhum,nenhum,1,Ruim
916,Regular,48,nenhum crédito obtido/todos os créditos pagos devidamente,18424,1,nenhum,banco,1,Ruim
917,Inexistente,10,créditos existentes pagos devidamente até agora,2848,1,co-requerente,nenhum,1,Bom
918,Negativo,6,créditos existentes pagos devidamente até agora,14896,1,nenhum,banco,1,Ruim
919,Negativo,24,créditos existentes pagos devidamente até agora,2359,1,nenhum,nenhum,1,Ruim
920,Negativo,24,créditos existentes pagos devidamente até agora,3345,4,nenhum,nenhum,1,Ruim
921,Inexistente,18,conta crítica/outros créditos existentes (não neste banco),1817,4,nenhum,nenhum,2,Bom
922,Inexistente,48,atraso no pagamento no passado,12749,4,nenhum,nenhum,1,Bom
923,Negativo,9,créditos existentes pagos devidamente até agora,1366,3,nenhum,nenhum,1,Ruim
924,Regular,12,créditos existentes pagos devidamente até agora,2002,3,nenhum,nenhum,1,Bom
925,Negativo,24,todos os créditos deste banco foram devidamente pagos,6872,2,nenhum,banco,1,Ruim
926,Negativo,12,todos os créditos deste banco foram devidamente pagos,697,4,nenhum,banco,2,Ruim
927,Negativo,18,conta crítica/outros créditos existentes (não neste banco),1049,4,nenhum,nenhum,1,Bom
928,Negativo,48,créditos existentes pagos devidamente até agora,10297,4,nenhum,lojas,3,Ruim
929,Inexistente,30,créditos existentes pagos devidamente até agora,1867,4,nenhum,nenhum,1,Bom
930,Negativo,12,atraso no pagamento no passado,1344,4,nenhum,nenhum,2,Bom
931,Negativo,24,créditos existentes pagos devidamente até agora,1747,4,co-requerente,nenhum,1,Bom
932,Regular,9,créditos existentes pagos devidamente até agora,1670,4,nenhum,nenhum,1,Ruim
933,Inexistente,9,conta crítica/outros créditos existentes (não neste banco),1224,3,nenhum,nenhum,2,Bom
934,Inexistente,12,conta crítica/outros créditos existentes (não neste banco),522,4,nenhum,nenhum,2,Bom
935,Negativo,12,créditos existentes pagos devidamente até agora,1498,4,nenhum,banco,1,Bom
936,Regular,30,atraso no pagamento no passado,1919,4,nenhum,lojas,2,Ruim
937,Alto,9,créditos existentes pagos devidamente até agora,745,3,nenhum,nenhum,1,Ruim
938,Regular,6,créditos existentes pagos devidamente até agora,2063,4,nenhum,nenhum,1,Bom
939,Regular,60,créditos existentes pagos devidamente até agora,6288,4,nenhum,nenhum,1,Ruim
940,Inexistente,24,conta crítica/outros créditos existentes (não neste banco),6842,2,nenhum,nenhum,2,Bom
941,Inexistente,12,créditos existentes pagos devidamente até agora,3527,2,nenhum,nenhum,1,Bom
942,Inexistente,10,créditos existentes pagos devidamente até agora,1546,3,nenhum,nenhum,1,Bom
943,Inexistente,24,créditos existentes pagos devidamente até agora,929,4,nenhum,lojas,1,Bom
944,Inexistente,4,conta crítica/outros créditos existentes (não neste banco),1455,2,nenhum,nenhum,3,Bom
945,Negativo,15,créditos existentes pagos devidamente até agora,1845,4,fiador,nenhum,1,Bom
946,Regular,48,nenhum crédito obtido/todos os créditos pagos devidamente,8358,1,nenhum,nenhum,2,Bom
947,Negativo,24,todos os créditos deste banco foram devidamente pagos,3349,4,nenhum,nenhum,1,Ruim
948,Inexistente,12,créditos existentes pagos devidamente até agora,2859,4,nenhum,nenhum,1,Bom
949,Inexistente,18,créditos existentes pagos devidamente até agora,1533,4,co-requerente,nenhum,1,Ruim
950,Inexistente,24,créditos existentes pagos devidamente até agora,3621,2,nenhum,nenhum,2,Ruim
951,Regular,18,conta crítica/outros créditos existentes (não neste banco),3590,3,nenhum,nenhum,3,Bom
952,Negativo,36,atraso no pagamento no passado,2145,2,nenhum,nenhum,2,Ruim
953,Regular,24,créditos existentes pagos devidamente até agora,4113,3,nenhum,nenhum,1,Ruim
954,Inexistente,36,créditos existentes pagos devidamente até agora,10974,4,nenhum,nenhum,2,Ruim
955,Negativo,12,créditos existentes pagos devidamente até agora,1893,4,fiador,nenhum,1,Bom
956,Negativo,24,conta crítica/outros créditos existentes (não neste banco),1231,4,nenhum,nenhum,2,Bom
957,Alto,30,conta crítica/outros créditos existentes (não neste banco),3656,4,nenhum,lojas,2,Bom
958,Regular,9,conta crítica/outros créditos existentes (não neste banco),1154,2,nenhum,nenhum,3,Bom
959,Negativo,28,créditos existentes pagos devidamente até agora,4006,3,nenhum,nenhum,1,Ruim
960,Regular,24,créditos existentes pagos devidamente até agora,3069,4,nenhum,nenhum,1,Bom
961,Inexistente,6,conta crítica/outros créditos existentes (não neste banco),1740,2,nenhum,nenhum,2,Bom
962,Regular,21,atraso no pagamento no passado,2353,1,nenhum,nenhum,2,Bom
963,Inexistente,15,créditos existentes pagos devidamente até agora,3556,3,nenhum,nenhum,1,Bom
964,Inexistente,24,créditos existentes pagos devidamente até agora,2397,3,nenhum,banco,2,Ruim
965,Regular,6,créditos existentes pagos devidamente até agora,454,3,nenhum,nenhum,1,Bom
966,Regular,30,créditos existentes pagos devidamente até agora,1715,4,nenhum,nenhum,1,Bom
967,Regular,27,conta crítica/outros créditos existentes (não neste banco),2520,4,nenhum,nenhum,2,Ruim
968,Inexistente,15,créditos existentes pagos devidamente até agora,3568,4,nenhum,banco,1,Bom
969,Inexistente,42,créditos existentes pagos devidamente até agora,7166,2,nenhum,nenhum,1,Bom
970,Negativo,11,conta crítica/outros créditos existentes (não neste banco),3939,1,nenhum,nenhum,2,Bom
971,Regular,15,créditos existentes pagos devidamente até agora,1514,4,fiador,nenhum,1,Bom
972,Inexistente,24,créditos existentes pagos devidamente até agora,7393,1,nenhum,nenhum,1,Bom
973,Negativo,24,todos os créditos deste banco foram devidamente pagos,1193,1,co-requerente,nenhum,2,Ruim
974,Negativo,60,créditos existentes pagos devidamente até agora,7297,4,co-requerente,nenhum,1,Ruim
975,Inexistente,30,conta crítica/outros créditos existentes (não neste banco),2831,4,nenhum,nenhum,1,Bom
976,Alto,24,créditos existentes pagos devidamente até agora,1258,3,nenhum,nenhum,1,Bom
977,Regular,6,créditos existentes pagos devidamente até agora,753,2,fiador,nenhum,1,Bom
978,Regular,18,atraso no pagamento no passado,2427,4,nenhum,nenhum,2,Bom
979,Inexistente,24,atraso no pagamento no passado,2538,4,nenhum,nenhum,2,Ruim
980,Regular,15,todos os créditos deste banco foram devidamente pagos,1264,2,nenhum,nenhum,1,Ruim
981,Regular,30,conta crítica/outros créditos existentes (não neste banco),8386,2,nenhum,nenhum,1,Ruim
982,Inexistente,48,créditos existentes pagos devidamente até agora,4844,3,nenhum,banco,1,Ruim
983,Alto,21,créditos existentes pagos devidamente até agora,2923,1,nenhum,banco,1,Bom
984,Negativo,36,créditos existentes pagos devidamente até agora,8229,2,nenhum,nenhum,1,Ruim
985,Inexistente,24,conta crítica/outros créditos existentes (não neste banco),2028,2,nenhum,nenhum,2,Bom
986,Negativo,15,conta crítica/outros créditos existentes (não neste banco),1433,4,nenhum,nenhum,2,Bom
987,Alto,42,nenhum crédito obtido/todos os créditos pagos devidamente,6289,2,nenhum,nenhum,2,Bom
988,Inexistente,13,créditos existentes pagos devidamente até agora,1409,2,nenhum,nenhum,1,Bom
989,Negativo,24,créditos existentes pagos devidamente até agora,6579,4,nenhum,nenhum,1,Bom
990,Regular,24,conta crítica/outros créditos existentes (não neste banco),1743,4,nenhum,nenhum,2,Bom
991,Inexistente,12,conta crítica/outros créditos existentes (não neste banco),3565,2,nenhum,nenhum,2,Bom
992,Inexistente,15,todos os créditos deste banco foram devidamente pagos,1569,4,nenhum,banco,1,Bom
993,Negativo,18,créditos existentes pagos devidamente até agora,1936,2,nenhum,nenhum,2,Bom
994,Negativo,36,créditos existentes pagos devidamente até agora,3959,4,nenhum,nenhum,1,Bom
995,Inexistente,12,créditos existentes pagos devidamente até agora,2390,4,nenhum,nenhum,1,Bom
996,Inexistente,12,créditos existentes pagos devidamente até agora,1736,3,nenhum,nenhum,1,Bom
997,Negativo,30,créditos existentes pagos devidamente até agora,3857,4,nenhum,nenhum,1,Bom
998,Inexistente,12,créditos existentes pagos devidamente até agora,804,4,nenhum,nenhum,1,Bom
999,Negativo,45,créditos existentes pagos devidamente até agora,1845,4,nenhum,nenhum,1,Ruim
1000,Regular,45,conta crítica/outros créditos existentes (não neste banco),4576,3,nenhum,nenhum,1,Bom
