ID,genero,idade_anos,estado_civil,status_ocupacional,temp_man_empr_atual,estrangeiro,classe
1,Homem,67, solteiro,funcionário/funcionário qualificado,> 7,Sim,Bom
2,Mulher,22,uniao registrada,funcionário/funcionário qualificado,1 - 4,Sim,Ruim
3,Homem,49, solteiro,não qualificado - residente,4 - 7,Sim,Bom
4,Homem,45, solteiro,funcionário/funcionário qualificado,4 - 7,Sim,Bom
5,Homem,53, solteiro,funcionário/funcionário qualificado,1 - 4,Sim,Ruim
6,Homem,35, solteiro,não qualificado - residente,1 - 4,Sim,Bom
7,Homem,53, solteiro,funcionário/funcionário qualificado,> 7,Sim,Bom
8,Homem,35, solteiro,gestão / autônomo / funcionário / diretor altamente qualificado,1 - 4,Sim,Bom
9,Homem,61,uniao registrada,não qualificado - residente,4 - 7,Sim,Bom
10,Homem,28,uniao registrada,gestão / autônomo / funcionário / diretor altamente qualificado,desempregado,Sim,Ruim
11,Mulher,25,uniao registrada,funcionário/funcionário qualificado,...<1ano,Sim,Ruim
12,Mulher,24,uniao registrada,funcionário/funcionário qualificado,...<1ano,Sim,Ruim
13,Mulher,22,uniao registrada,funcionário/funcionário qualificado,1 - 4,Sim,Bom
14,Homem,60, solteiro,não qualificado - residente,> 7,Sim,Ruim
15,Mulher,28,uniao registrada,funcionário/funcionário qualificado,1 - 4,Sim,Bom
16,Mulher,32,uniao registrada,não qualificado - residente,1 - 4,Sim,Ruim
17,Homem,53, solteiro,funcionário/funcionário qualificado,> 7,Sim,Bom
18,Homem,25, solteiro,funcionário/funcionário qualificado,...<1ano,Sim,Bom
19,Mulher,44,uniao registrada,gestão / autônomo / funcionário / diretor altamente qualificado,> 7,Sim,Ruim
20,Homem,31, solteiro,funcionário/funcionário qualificado,> 7,Sim,Bom
21,Homem,48, solteiro,funcionário/funcionário qualificado,1 - 4,Sim,Bom
22,Homem,44, solteiro,funcionário/funcionário qualificado,1 - 4,Sim,Bom
23,Homem,48, solteiro,não qualificado - residente,...<1ano,Não,Bom
24,Homem,44, solteiro,funcionário/funcionário qualificado,...<1ano,Sim,Bom
25,Homem,26,uniao registrada,funcionário/funcionário qualificado,1 - 4,Não,Bom
26,Homem,36, solteiro,não qualificado - residente,1 - 4,Sim,Bom
27,Homem,39,uniao registrada,não qualificado - residente,> 7,Sim,Bom
28,Mulher,42,uniao registrada,funcionário/funcionário qualificado,1 - 4,Sim,Bom
29,Homem,34, solteiro,funcionário/funcionário qualificado,1 - 4,Sim,Bom
30,Homem,63, solteiro,funcionário/funcionário qualificado,> 7,Sim,Ruim
31,Homem,36,uniao registrada,funcionário/funcionário qualificado,...<1ano,Sim,Bom
32,Homem,27, solteiro,funcionário/funcionário qualificado,1 - 4,Sim,Bom
33,Homem,30, solteiro,funcionário/funcionário qualificado,1 - 4,Sim,Bom
34,Homem,57, solteiro,não qualificado - residente,> 7,Sim,Bom
35,Mulher,33,uniao registrada,gestão / autônomo / funcionário / diretor altamente qualificado,...<1ano,Sim,Bom
36,Homem,25, solteiro,não qualificado - residente,...<1ano,Sim,Ruim
37,Homem,31, solteiro,funcionário/funcionário qualificado,1 - 4,Sim,Bom
38,Homem,37, solteiro,funcionário/funcionário qualificado,1 - 4,Sim,Ruim
39,Homem,37, solteiro,funcionário/funcionário qualificado,1 - 4,Sim,Bom
40,Homem,24, solteiro,funcionário/funcionário qualificado,1 - 4,Sim,Bom
41,Homem,30, solteiro,gestão / autônomo / funcionário / diretor altamente qualificado,> 7,Sim,Bom
42,Homem,26,uniao registrada,funcionário/funcionário qualificado,1 - 4,Sim,Bom
43,Homem,44, solteiro,não qualificado - residente,1 - 4,Sim,Bom
44,Homem,24,uniao registrada,funcionário/funcionário qualificado,4 - 7,Sim,Bom
45,Mulher,58,uniao registrada,não qualificado - residente,> 7,Sim,Ruim
46,Mulher,35,uniao registrada,gestão / autônomo / funcionário / diretor altamente qualificado,...<1ano,Sim,Bom
47,Homem,39, solteiro,funcionário/funcionário qualificado,> 7,Sim,Bom
48,Mulher,23,uniao registrada,desempregado/não qualificado - não residente,desempregado,Sim,Bom
49,Homem,39, solteiro,não qualificado - residente,1 - 4,Sim,Bom
50,Mulher,28,uniao registrada,funcionário/funcionário qualificado,1 - 4,Sim,Bom
51,Homem,29, solteiro,não qualificado - residente,...<1ano,Sim,Bom
52,Homem,30, solteiro,gestão / autônomo / funcionário / diretor altamente qualificado,> 7,Sim,Bom
53,Homem,25, solteiro,funcionário/funcionário qualificado,1 - 4,Sim,Bom
54,Homem,31, solteiro,funcionário/funcionário qualificado,1 - 4,Sim,Bom
55,Homem,57, solteiro,funcionário/funcionário qualificado,> 7,Sim,Ruim
56,Homem,26, solteiro,não qualificado - residente,1 - 4,Sim,Bom
57,Homem,52, solteiro,gestão / autônomo / funcionário / diretor altamente qualificado,desempregado,Sim,Ruim
58,Mulher,31,uniao registrada,funcionário/funcionário qualificado,1 - 4,Sim,Bom
59,Mulher,23,uniao registrada,gestão / autônomo / funcionário / diretor altamente qualificado,> 7,Sim,Bom
60,Mulher,23,uniao registrada,não qualificado - residente,...<1ano,Sim,Ruim
61,Homem,27,uniao registrada,funcionário/funcionário qualificado,1 - 4,Sim,Bom
62,Homem,50, solteiro,funcionário/funcionário qualificado,> 7,Sim,Bom
63,Homem,61, solteiro,gestão / autônomo / funcionário / diretor altamente qualificado,> 7,Sim,Ruim
64,Homem,25, solteiro,funcionário/funcionário qualificado,1 - 4,Sim,Ruim
65,Mulher,26,uniao registrada,funcionário/funcionário qualificado,...<1ano,Sim,Bom
66,Homem,48, solteiro,funcionário/funcionário qualificado,> 7,Sim,Bom
67,Mulher,29,uniao registrada,funcionário/funcionário qualificado,...<1ano,Sim,Bom
68,Homem,22,uniao registrada,funcionário/funcionário qualificado,1 - 4,Sim,Bom
69,Homem,37, solteiro,funcionário/funcionário qualificado,1 - 4,Sim,Ruim
70,Mulher,25,uniao registrada,funcionário/funcionário qualificado,1 - 4,Sim,Bom
71,Mulher,30,uniao registrada,funcionário/funcionário qualificado,1 - 4,Sim,Bom
72,Homem,46, solteiro,não qualificado - residente,> 7,Sim,Bom
73,Homem,51, solteiro,gestão / autônomo / funcionário / diretor altamente qualificado,> 7,Sim,Bom
74,Mulher,41,uniao registrada,não qualificado - residente,4 - 7,Sim,Bom
75,Homem,40, solteiro,gestão / autônomo / funcionário / diretor altamente qualificado,> 7,Sim,Ruim
76,Homem,66, solteiro,gestão / autônomo / funcionário / diretor altamente qualificado,> 7,Sim,Bom
77,Homem,34, solteiro,funcionário/funcionário qualificado,...<1ano,Sim,Ruim
78,Homem,51, solteiro,funcionário/funcionário qualificado,4 - 7,Sim,Bom
79,Homem,39, solteiro,não qualificado - residente,1 - 4,Sim,Bom
80,Homem,22,uniao registrada,funcionário/funcionário qualificado,...<1ano,Sim,Bom
81,Mulher,44,uniao registrada,funcionário/funcionário qualificado,...<1ano,Sim,Ruim
82,Homem,47, solteiro,funcionário/funcionário qualificado,> 7,Sim,Bom
83,Mulher,24,uniao registrada,não qualificado - residente,1 - 4,Sim,Bom
84,Mulher,58,uniao registrada,não qualificado - residente,> 7,Sim,Bom
85,Homem,52, solteiro,não qualificado - residente,> 7,Sim,Bom
86,Mulher,29,uniao registrada,gestão / autônomo / funcionário / diretor altamente qualificado,1 - 4,Sim,Bom
87,Mulher,27,uniao registrada,funcionário/funcionário qualificado,...<1ano,Sim,Bom
88,Homem,47, solteiro,funcionário/funcionário qualificado,1 - 4,Sim,Ruim
89,Homem,30, solteiro,gestão / autônomo / funcionário / diretor altamente qualificado,4 - 7,Sim,Bom
90,Homem,28, solteiro,funcionário/funcionário qualificado,4 - 7,Sim,Ruim
91,Homem,56, solteiro,funcionário/funcionário qualificado,> 7,Sim,Bom
92,Homem,54, solteiro,funcionário/funcionário qualificado,> 7,Sim,Bom
93,Mulher,33,uniao registrada,não qualificado - residente,> 7,Sim,Ruim
94,Homem,20, solteiro,funcionário/funcionário qualificado,> 7,Sim,Bom
95,Homem,54, solteiro,funcionário/funcionário qualificado,> 7,Sim,Bom
96,Homem,58, solteiro,funcionário/funcionário qualificado,...<1ano,Sim,Ruim
97,Mulher,61,uniao registrada,funcionário/funcionário qualificado,4 - 7,Sim,Bom
98,Homem,34, solteiro,funcionário/funcionário qualificado,1 - 4,Sim,Bom
99,Homem,36, solteiro,funcionário/funcionário qualificado,> 7,Sim,Bom
100,Homem,36, solteiro,gestão / autônomo / funcionário / diretor altamente qualificado,4 - 7,Sim,Bom
101,Homem,41,uniao registrada,não qualificado - residente,> 7,Sim,Bom
102,Homem,24, solteiro,funcionário/funcionário qualificado,4 - 7,Sim,Bom
103,Mulher,24,uniao registrada,funcionário/funcionário qualificado,1 - 4,Sim,Bom
104,Homem,35, solteiro,funcionário/funcionário qualificado,4 - 7,Sim,Bom
105,Homem,26,uniao registrada,funcionário/funcionário qualificado,...<1ano,Sim,Bom
106,Homem,39, solteiro,gestão / autônomo / funcionário / diretor altamente qualificado,1 - 4,Sim,Ruim
107,Homem,39, solteiro,gestão / autônomo / funcionário / diretor altamente qualificado,> 7,Sim,Ruim
108,Homem,32, solteiro,funcionário/funcionário qualificado,4 - 7,Sim,Bom
109,Mulher,30,uniao registrada,funcionário/funcionário qualificado,...<1ano,Não,Bom
110,Homem,35,uniao registrada,funcionário/funcionário qualificado,> 7,Sim,Bom
111,Homem,31,uniao registrada,funcionário/funcionário qualificado,> 7,Sim,Bom
112,Mulher,23,uniao registrada,funcionário/funcionário qualificado,...<1ano,Sim,Bom
113,Homem,28, solteiro,não qualificado - residente,4 - 7,Sim,Bom
114,Mulher,25,uniao registrada,funcionário/funcionário qualificado,1 - 4,Sim,Ruim
115,Homem,35,uniao registrada,funcionário/funcionário qualificado,> 7,Sim,Bom
116,Homem,47, solteiro,funcionário/funcionário qualificado,> 7,Sim,Bom
117,Mulher,30,uniao registrada,gestão / autônomo / funcionário / diretor altamente qualificado,4 - 7,Sim,Ruim
118,Mulher,27,uniao registrada,funcionário/funcionário qualificado,...<1ano,Não,Bom
119,Mulher,23,uniao registrada,funcionário/funcionário qualificado,1 - 4,Sim,Ruim
120,Homem,36,uniao registrada,gestão / autônomo / funcionário / diretor altamente qualificado,4 - 7,Sim,Bom
121,Mulher,25,uniao registrada,funcionário/funcionário qualificado,1 - 4,Sim,Ruim
122,Mulher,41,uniao registrada,gestão / autônomo / funcionário / diretor altamente qualificado,> 7,Sim,Bom
123,Homem,24, solteiro,não qualificado - residente,1 - 4,Sim,Bom
124,Homem,63, solteiro,funcionário/funcionário qualificado,> 7,Sim,Bom
125,Mulher,27,uniao registrada,funcionário/funcionário qualificado,...<1ano,Sim,Ruim
126,Homem,30, solteiro,funcionário/funcionário qualificado,1 - 4,Sim,Bom
127,Homem,40,uniao registrada,não qualificado - residente,1 - 4,Sim,Bom
128,Homem,30, solteiro,funcionário/funcionário qualificado,1 - 4,Sim,Ruim
129,Homem,34, solteiro,gestão / autônomo / funcionário / diretor altamente qualificado,desempregado,Sim,Bom
130,Mulher,29,uniao registrada,funcionário/funcionário qualificado,1 - 4,Sim,Ruim
131,Mulher,24,uniao registrada,funcionário/funcionário qualificado,4 - 7,Sim,Bom
132,Homem,29, solteiro,funcionário/funcionário qualificado,1 - 4,Sim,Ruim
133,Homem,27, solteiro,não qualificado - residente,...<1ano,Sim,Bom
134,Homem,47, solteiro,funcionário/funcionário qualificado,1 - 4,Sim,Bom
135,Mulher,21,uniao registrada,funcionário/funcionário qualificado,4 - 7,Sim,Bom
136,Mulher,38,uniao registrada,funcionário/funcionário qualificado,> 7,Sim,Bom
137,Homem,27, solteiro,funcionário/funcionário qualificado,1 - 4,Sim,Bom
138,Homem,66, solteiro,não qualificado - residente,1 - 4,Sim,Ruim
139,Homem,35, solteiro,funcionário/funcionário qualificado,4 - 7,Sim,Bom
140,Mulher,44,uniao registrada,não qualificado - residente,1 - 4,Sim,Bom
141,Homem,27,uniao registrada,desempregado/não qualificado - não residente,...<1ano,Não,Bom
142,Mulher,30,uniao registrada,gestão / autônomo / funcionário / diretor altamente qualificado,...<1ano,Sim,Bom
143,Homem,27, solteiro,gestão / autônomo / funcionário / diretor altamente qualificado,1 - 4,Sim,Bom
144,Homem,22, solteiro,funcionário/funcionário qualificado,1 - 4,Sim,Ruim
145,Mulher,23,uniao registrada,funcionário/funcionário qualificado,...<1ano,Sim,Bom
146,Homem,30, solteiro,funcionário/funcionário qualificado,4 - 7,Sim,Bom
147,Mulher,39,uniao registrada,funcionário/funcionário qualificado,> 7,Sim,Bom
148,Mulher,51,uniao registrada,funcionário/funcionário qualificado,4 - 7,Sim,Bom
149,Homem,28, solteiro,funcionário/funcionário qualificado,1 - 4,Sim,Bom
150,Homem,46, solteiro,funcionário/funcionário qualificado,> 7,Sim,Bom
151,Homem,42, solteiro,funcionário/funcionário qualificado,> 7,Sim,Bom
152,Homem,38, solteiro,funcionário/funcionário qualificado,1 - 4,Não,Bom
153,Homem,24, solteiro,funcionário/funcionário qualificado,1 - 4,Sim,Bom
154,Mulher,29,uniao registrada,funcionário/funcionário qualificado,> 7,Sim,Bom
155,Homem,36, solteiro,gestão / autônomo / funcionário / diretor altamente qualificado,4 - 7,Sim,Bom
156,Mulher,20,uniao registrada,funcionário/funcionário qualificado,1 - 4,Sim,Ruim
157,Homem,48, solteiro,funcionário/funcionário qualificado,> 7,Não,Bom
158,Homem,45,uniao registrada,não qualificado - residente,> 7,Sim,Bom
159,Homem,38, solteiro,funcionário/funcionário qualificado,4 - 7,Sim,Bom
160,Homem,34, solteiro,não qualificado - residente,1 - 4,Sim,Bom
161,Homem,36, solteiro,funcionário/funcionário qualificado,> 7,Sim,Bom
162,Mulher,30,uniao registrada,funcionário/funcionário qualificado,...<1ano,Sim,Bom
163,Homem,36, solteiro,funcionário/funcionário qualificado,4 - 7,Sim,Bom
164,Homem,70, solteiro,gestão / autônomo / funcionário / diretor altamente qualificado,desempregado,Sim,Bom
165,Homem,36, solteiro,funcionário/funcionário qualificado,> 7,Sim,Bom
166,Homem,32, solteiro,funcionário/funcionário qualificado,1 - 4,Sim,Bom
167,Mulher,33,uniao registrada,funcionário/funcionário qualificado,desempregado,Sim,Ruim
168,Mulher,20,uniao registrada,funcionário/funcionário qualificado,...<1ano,Sim,Bom
169,Mulher,25,uniao registrada,funcionário/funcionário qualificado,4 - 7,Sim,Bom
170,Homem,31,uniao registrada,funcionário/funcionário qualificado,> 7,Sim,Ruim
171,Homem,33, solteiro,funcionário/funcionário qualificado,> 7,Sim,Ruim
172,Mulher,26,uniao registrada,funcionário/funcionário qualificado,1 - 4,Sim,Bom
173,Mulher,34,uniao registrada,gestão / autônomo / funcionário / diretor altamente qualificado,desempregado,Sim,Ruim
174,Homem,33, solteiro,funcionário/funcionário qualificado,1 - 4,Não,Bom
175,Homem,26, solteiro,funcionário/funcionário qualificado,...<1ano,Sim,Ruim
176,Mulher,53,uniao registrada,gestão / autônomo / funcionário / diretor altamente qualificado,desempregado,Sim,Ruim
177,Homem,42,uniao registrada,funcionário/funcionário qualificado,1 - 4,Sim,Bom
178,Homem,52, solteiro,funcionário/funcionário qualificado,> 7,Sim,Bom
179,Homem,31, solteiro,gestão / autônomo / funcionário / diretor altamente qualificado,4 - 7,Sim,Bom
180,Homem,65, solteiro,funcionário/funcionário qualificado,> 7,Sim,Bom
181,Homem,28,uniao registrada,funcionário/funcionário qualificado,...<1ano,Sim,Ruim
182,Homem,30,uniao registrada,gestão / autônomo / funcionário / diretor altamente qualificado,1 - 4,Sim,Ruim
183,Homem,40, solteiro,não qualificado - residente,1 - 4,Sim,Ruim
184,Homem,50, solteiro,funcionário/funcionário qualificado,1 - 4,Sim,Bom
185,Homem,36, solteiro,funcionário/funcionário qualificado,> 7,Sim,Ruim
186,Homem,31, solteiro,funcionário/funcionário qualificado,1 - 4,Sim,Bom
187,Mulher,74,uniao registrada,gestão / autônomo / funcionário / diretor altamente qualificado,> 7,Sim,Ruim
188,Homem,68, solteiro,desempregado/não qualificado - não residente,desempregado,Sim,Bom
189,Homem,20,uniao registrada,funcionário/funcionário qualificado,4 - 7,Sim,Ruim
190,Mulher,33,uniao registrada,funcionário/funcionário qualificado,1 - 4,Sim,Bom
191,Homem,54, solteiro,gestão / autônomo / funcionário / diretor altamente qualificado,1 - 4,Sim,Ruim
192,Homem,34, solteiro,não qualificado - residente,4 - 7,Sim,Ruim
193,Homem,36, solteiro,funcionário/funcionário qualificado,1 - 4,Sim,Ruim
194,Homem,29,uniao registrada,funcionário/funcionário qualificado,4 - 7,Sim,Bom
195,Homem,21, solteiro,funcionário/funcionário qualificado,1 - 4,Sim,Ruim
196,Mulher,34,uniao registrada,gestão / autônomo / funcionário / diretor altamente qualificado,> 7,Sim,Ruim
197,Mulher,28,uniao registrada,funcionário/funcionário qualificado,1 - 4,Sim,Bom
198,Mulher,27,uniao registrada,funcionário/funcionário qualificado,...<1ano,Sim,Ruim
199,Homem,36, solteiro,funcionário/funcionário qualificado,> 7,Sim,Bom
200,Homem,40,uniao registrada,gestão / autônomo / funcionário / diretor altamente qualificado,> 7,Sim,Ruim
201,Homem,52, solteiro,funcionário/funcionário qualificado,> 7,Sim,Bom
202,Homem,27,uniao registrada,não qualificado - residente,1 - 4,Sim,Bom
203,Homem,26, solteiro,funcionário/funcionário qualificado,4 - 7,Sim,Bom
204,Homem,21,uniao registrada,funcionário/funcionário qualificado,4 - 7,Sim,Ruim
205,Homem,38, solteiro,não qualificado - residente,> 7,Sim,Bom
206,Homem,38, solteiro,gestão / autônomo / funcionário / diretor altamente qualificado,> 7,Sim,Bom
207,Homem,43, solteiro,funcionário/funcionário qualificado,> 7,Sim,Bom
208,Homem,26, solteiro,funcionário/funcionário qualificado,4 - 7,Sim,Bom
209,Homem,21,uniao registrada,não qualificado - residente,1 - 4,Sim,Bom
210,Homem,55, solteiro,funcionário/funcionário qualificado,4 - 7,Não,Bom
211,Homem,33, solteiro,funcionário/funcionário qualificado,1 - 4,Sim,Bom
212,Mulher,45,uniao registrada,não qualificado - residente,> 7,Sim,Bom
213,Homem,50, solteiro,funcionário/funcionário qualificado,desempregado,Sim,Ruim
214,Homem,66, solteiro,gestão / autônomo / funcionário / diretor altamente qualificado,> 7,Sim,Ruim
215,Homem,51, solteiro,funcionário/funcionário qualificado,> 7,Sim,Bom
216,Mulher,39,uniao registrada,não qualificado - residente,4 - 7,Sim,Bom
217,Homem,31, solteiro,funcionário/funcionário qualificado,4 - 7,Sim,Bom
218,Homem,23, solteiro,funcionário/funcionário qualificado,1 - 4,Sim,Bom
219,Homem,24,uniao registrada,não qualificado - residente,1 - 4,Sim,Bom
220,Mulher,64,uniao registrada,funcionário/funcionário qualificado,1 - 4,Sim,Bom
221,Homem,26,uniao registrada,não qualificado - residente,...<1ano,Sim,Bom
222,Mulher,23,uniao registrada,funcionário/funcionário qualificado,1 - 4,Sim,Bom
223,Homem,30, solteiro,funcionário/funcionário qualificado,1 - 4,Sim,Bom
224,Homem,32, solteiro,funcionário/funcionário qualificado,1 - 4,Sim,Bom
225,Homem,30, solteiro,funcionário/funcionário qualificado,1 - 4,Sim,Bom
226,Homem,27, solteiro,funcionário/funcionário qualificado,1 - 4,Sim,Bom
227,Homem,27, solteiro,funcionário/funcionário qualificado,4 - 7,Sim,Ruim
228,Homem,53, solteiro,gestão / autônomo / funcionário / diretor altamente qualificado,> 7,Sim,Ruim
229,Homem,22, solteiro,funcionário/funcionário qualificado,4 - 7,Sim,Ruim
230,Homem,22, solteiro,funcionário/funcionário qualificado,...<1ano,Sim,Bom
231,Homem,26, solteiro,funcionário/funcionário qualificado,1 - 4,Sim,Ruim
232,Homem,51, solteiro,não qualificado - residente,> 7,Sim,Bom
233,Homem,35, solteiro,funcionário/funcionário qualificado,4 - 7,Sim,Bom
234,Homem,25,uniao registrada,não qualificado - residente,1 - 4,Sim,Bom
235,Homem,42, solteiro,não qualificado - residente,4 - 7,Sim,Bom
236,Homem,30, solteiro,gestão / autônomo / funcionário / diretor altamente qualificado,desempregado,Sim,Ruim
237,Homem,23, solteiro,desempregado/não qualificado - não residente,desempregado,Sim,Ruim
238,Homem,61,uniao registrada,não qualificado - residente,> 7,Sim,Ruim
239,Mulher,35,uniao registrada,funcionário/funcionário qualificado,1 - 4,Sim,Bom
240,Homem,39, solteiro,funcionário/funcionário qualificado,> 7,Sim,Bom
241,Mulher,29,uniao registrada,funcionário/funcionário qualificado,> 7,Sim,Ruim
242,Homem,51, solteiro,funcionário/funcionário qualificado,4 - 7,Sim,Bom
243,Homem,24, solteiro,funcionário/funcionário qualificado,> 7,Sim,Ruim
244,Mulher,27,uniao registrada,funcionário/funcionário qualificado,1 - 4,Sim,Bom
245,Mulher,35,uniao registrada,não qualificado - residente,1 - 4,Sim,Bom
246,Homem,25, solteiro,funcionário/funcionário qualificado,4 - 7,Sim,Bom
247,Homem,52, solteiro,funcionário/funcionário qualificado,> 7,Sim,Bom
248,Homem,35, solteiro,funcionário/funcionário qualificado,1 - 4,Não,Bom
249,Homem,26, solteiro,funcionário/funcionário qualificado,1 - 4,Sim,Bom
250,Mulher,22,uniao registrada,funcionário/funcionário qualificado,desempregado,Sim,Ruim
251,Mulher,39,uniao registrada,não qualificado - residente,4 - 7,Sim,Bom
252,Mulher,46,uniao registrada,não qualificado - residente,1 - 4,Sim,Bom
253,Mulher,24,uniao registrada,funcionário/funcionário qualificado,1 - 4,Sim,Ruim
254,Homem,35, solteiro,funcionário/funcionário qualificado,1 - 4,Sim,Bom
255,Homem,24, solteiro,funcionário/funcionário qualificado,4 - 7,Sim,Bom
256,Homem,27, solteiro,não qualificado - residente,1 - 4,Sim,Bom
257,Homem,35, solteiro,não qualificado - residente,1 - 4,Sim,Bom
258,Homem,29,uniao registrada,funcionário/funcionário qualificado,1 - 4,Sim,Ruim
259,Mulher,23,uniao registrada,funcionário/funcionário qualificado,...<1ano,Sim,Bom
260,Mulher,57,uniao registrada,não qualificado - residente,desempregado,Sim,Bom
261,Homem,27, solteiro,funcionário/funcionário qualificado,1 - 4,Sim,Bom
262,Mulher,55,uniao registrada,funcionário/funcionário qualificado,> 7,Sim,Bom
263,Homem,36, solteiro,gestão / autônomo / funcionário / diretor altamente qualificado,> 7,Sim,Bom
264,Mulher,57,uniao registrada,não qualificado - residente,> 7,Sim,Bom
265,Homem,32, solteiro,não qualificado - residente,> 7,Não,Bom
266,Homem,37, solteiro,funcionário/funcionário qualificado,> 7,Sim,Ruim
267,Homem,36, solteiro,funcionário/funcionário qualificado,> 7,Sim,Bom
268,Mulher,38,uniao registrada,funcionário/funcionário qualificado,...<1ano,Sim,Bom
269,Homem,45,uniao registrada,gestão / autônomo / funcionário / diretor altamente qualificado,> 7,Não,Ruim
270,Homem,25, solteiro,funcionário/funcionário qualificado,> 7,Sim,Bom
271,Homem,32, solteiro,funcionário/funcionário qualificado,4 - 7,Não,Bom
272,Mulher,37,uniao registrada,funcionário/funcionário qualificado,4 - 7,Sim,Bom
273,Homem,36, solteiro,gestão / autônomo / funcionário / diretor altamente qualificado,desempregado,Sim,Bom
274,Homem,28, solteiro,funcionário/funcionário qualificado,4 - 7,Sim,Ruim
275,Homem,34,uniao registrada,não qualificado - residente,...<1ano,Sim,Ruim
276,Homem,32, solteiro,funcionário/funcionário qualificado,1 - 4,Sim,Bom
277,Mulher,26,uniao registrada,funcionário/funcionário qualificado,1 - 4,Sim,Bom
278,Homem,49,uniao registrada,não qualificado - residente,> 7,Sim,Bom
279,Mulher,32,uniao registrada,funcionário/funcionário qualificado,...<1ano,Sim,Ruim
280,Homem,29, solteiro,gestão / autônomo / funcionário / diretor altamente qualificado,1 - 4,Sim,Bom
281,Homem,23, solteiro,funcionário/funcionário qualificado,> 7,Sim,Bom
282,Homem,50, solteiro,funcionário/funcionário qualificado,1 - 4,Sim,Bom
283,Homem,49, solteiro,não qualificado - residente,4 - 7,Sim,Bom
284,Homem,63, solteiro,funcionário/funcionário qualificado,> 7,Sim,Bom
285,Homem,37,uniao registrada,funcionário/funcionário qualificado,...<1ano,Sim,Bom
286,Mulher,35,uniao registrada,não qualificado - residente,...<1ano,Sim,Bom
287,Homem,26, solteiro,funcionário/funcionário qualificado,4 - 7,Sim,Bom
288,Homem,31, solteiro,gestão / autônomo / funcionário / diretor altamente qualificado,desempregado,Sim,Bom
289,Mulher,49,uniao registrada,funcionário/funcionário qualificado,1 - 4,Sim,Bom
290,Homem,48,uniao registrada,funcionário/funcionário qualificado,...<1ano,Sim,Ruim
291,Homem,26,uniao registrada,funcionário/funcionário qualificado,1 - 4,Não,Bom
292,Homem,28,uniao registrada,gestão / autônomo / funcionário / diretor altamente qualificado,...<1ano,Sim,Ruim
293,Mulher,44,uniao registrada,gestão / autônomo / funcionário / diretor altamente qualificado,> 7,Sim,Bom
294,Homem,56, solteiro,funcionário/funcionário qualificado,> 7,Sim,Bom
295,Homem,46,uniao registrada,gestão / autônomo / funcionário / diretor altamente qualificado,> 7,Sim,Bom
296,Mulher,26,uniao registrada,funcionário/funcionário qualificado,...<1ano,Sim,Ruim
297,Mulher,20,uniao registrada,funcionário/funcionário qualificado,...<1ano,Sim,Bom
298,Homem,45, solteiro,não qualificado - residente,> 7,Não,Bom
299,Homem,43, solteiro,funcionário/funcionário qualificado,1 - 4,Sim,Bom
300,Homem,32, solteiro,funcionário/funcionário qualificado,4 - 7,Sim,Bom
301,Mulher,54,uniao registrada,desempregado/não qualificado - não residente,desempregado,Sim,Bom
302,Mulher,42,uniao registrada,funcionário/funcionário qualificado,1 - 4,Sim,Ruim
303,Homem,37, solteiro,não qualificado - residente,4 - 7,Sim,Ruim
304,Homem,49, solteiro,funcionário/funcionário qualificado,4 - 7,Sim,Bom
305,Homem,44, solteiro,funcionário/funcionário qualificado,1 - 4,Sim,Ruim
306,Homem,33,uniao registrada,funcionário/funcionário qualificado,1 - 4,Sim,Bom
307,Mulher,24,uniao registrada,não qualificado - residente,4 - 7,Sim,Bom
308,Homem,33,uniao registrada,não qualificado - residente,...<1ano,Sim,Ruim
309,Mulher,24,uniao registrada,funcionário/funcionário qualificado,1 - 4,Sim,Ruim
310,Homem,22,uniao registrada,não qualificado - residente,1 - 4,Sim,Bom
311,Homem,40, solteiro,desempregado/não qualificado - não residente,desempregado,Sim,Bom
312,Homem,25, solteiro,funcionário/funcionário qualificado,1 - 4,Sim,Bom
313,Mulher,26,uniao registrada,funcionário/funcionário qualificado,...<1ano,Sim,Bom
314,Homem,25,uniao registrada,não qualificado - residente,4 - 7,Sim,Ruim
315,Homem,29, solteiro,não qualificado - residente,...<1ano,Não,Bom
316,Homem,31, solteiro,funcionário/funcionário qualificado,> 7,Sim,Ruim
317,Homem,38, solteiro,não qualificado - residente,1 - 4,Sim,Bom
318,Mulher,48,uniao registrada,não qualificado - residente,1 - 4,Sim,Bom
319,Homem,32, solteiro,funcionário/funcionário qualificado,1 - 4,Sim,Bom
320,Mulher,27,uniao registrada,não qualificado - residente,> 7,Sim,Bom
321,Homem,28,uniao registrada,gestão / autônomo / funcionário / diretor altamente qualificado,desempregado,Sim,Ruim
322,Homem,32,uniao registrada,funcionário/funcionário qualificado,...<1ano,Sim,Ruim
323,Homem,34, solteiro,gestão / autônomo / funcionário / diretor altamente qualificado,4 - 7,Sim,Bom
324,Homem,28, solteiro,funcionário/funcionário qualificado,1 - 4,Sim,Bom
325,Mulher,36,uniao registrada,funcionário/funcionário qualificado,1 - 4,Sim,Bom
326,Homem,39, solteiro,não qualificado - residente,4 - 7,Não,Bom
327,Homem,49, solteiro,funcionário/funcionário qualificado,> 7,Sim,Bom
328,Mulher,34,uniao registrada,funcionário/funcionário qualificado,4 - 7,Sim,Bom
329,Homem,31, solteiro,funcionário/funcionário qualificado,> 7,Sim,Bom
330,Homem,28, solteiro,funcionário/funcionário qualificado,> 7,Sim,Bom
331,Homem,75, solteiro,gestão / autônomo / funcionário / diretor altamente qualificado,desempregado,Sim,Bom
332,Mulher,30,uniao registrada,funcionário/funcionário qualificado,1 - 4,Sim,Ruim
333,Mulher,24,uniao registrada,gestão / autônomo / funcionário / diretor altamente qualificado,...<1ano,Sim,Ruim
334,Mulher,24,uniao registrada,não qualificado - residente,1 - 4,Sim,Ruim
335,Homem,23, solteiro,funcionário/funcionário qualificado,> 7,Sim,Ruim
336,Homem,44,uniao registrada,gestão / autônomo / funcionário / diretor altamente qualificado,1 - 4,Sim,Ruim
337,Mulher,23,uniao registrada,não qualificado - residente,...<1ano,Sim,Bom
338,Mulher,24,uniao registrada,funcionário/funcionário qualificado,1 - 4,Sim,Ruim
339,Homem,28, solteiro,funcionário/funcionário qualificado,1 - 4,Sim,Bom
340,Homem,31,uniao registrada,não qualificado - residente,1 - 4,Sim,Bom
341,Mulher,24,uniao registrada,funcionário/funcionário qualificado,...<1ano,Sim,Bom
342,Mulher,26,uniao registrada,não qualificado - residente,4 - 7,Sim,Bom
343,Homem,25,uniao registrada,funcionário/funcionário qualificado,...<1ano,Sim,Bom
344,Homem,33, solteiro,gestão / autônomo / funcionário / diretor altamente qualificado,> 7,Sim,Bom
345,Homem,37, solteiro,não qualificado - residente,...<1ano,Sim,Bom
346,Mulher,43,uniao registrada,não qualificado - residente,1 - 4,Sim,Bom
347,Homem,23, solteiro,funcionário/funcionário qualificado,...<1ano,Sim,Bom
348,Mulher,23,uniao registrada,desempregado/não qualificado - não residente,desempregado,Sim,Bom
349,Homem,34, solteiro,não qualificado - residente,1 - 4,Sim,Bom
350,Homem,32, solteiro,funcionário/funcionário qualificado,> 7,Sim,Ruim
351,Mulher,23,uniao registrada,funcionário/funcionário qualificado,...<1ano,Sim,Bom
352,Mulher,29,uniao registrada,funcionário/funcionário qualificado,1 - 4,Não,Ruim
353,Homem,38, solteiro,gestão / autônomo / funcionário / diretor altamente qualificado,desempregado,Sim,Bom
354,Homem,28, solteiro,funcionário/funcionário qualificado,1 - 4,Sim,Ruim
355,Homem,46, solteiro,funcionário/funcionário qualificado,> 7,Sim,Bom
356,Homem,23, solteiro,não qualificado - residente,...<1ano,Sim,Ruim
357,Homem,49, solteiro,funcionário/funcionário qualificado,> 7,Sim,Bom
358,Homem,26, solteiro,gestão / autônomo / funcionário / diretor altamente qualificado,1 - 4,Sim,Ruim
359,Homem,28,uniao registrada,funcionário/funcionário qualificado,1 - 4,Sim,Bom
360,Mulher,23,uniao registrada,funcionário/funcionário qualificado,4 - 7,Sim,Ruim
361,Homem,61, solteiro,funcionário/funcionário qualificado,1 - 4,Sim,Bom
362,Homem,37, solteiro,gestão / autônomo / funcionário / diretor altamente qualificado,> 7,Sim,Bom
363,Mulher,36,uniao registrada,funcionário/funcionário qualificado,1 - 4,Sim,Bom
364,Homem,21,uniao registrada,funcionário/funcionário qualificado,1 - 4,Sim,Bom
365,Homem,25, solteiro,desempregado/não qualificado - não residente,desempregado,Sim,Ruim
366,Homem,36, solteiro,funcionário/funcionário qualificado,4 - 7,Sim,Bom
367,Homem,27, solteiro,funcionário/funcionário qualificado,4 - 7,Sim,Bom
368,Mulher,22,uniao registrada,funcionário/funcionário qualificado,...<1ano,Sim,Bom
369,Homem,42, solteiro,funcionário/funcionário qualificado,> 7,Sim,Ruim
370,Mulher,40,uniao registrada,funcionário/funcionário qualificado,4 - 7,Sim,Bom
371,Homem,36, solteiro,funcionário/funcionário qualificado,1 - 4,Sim,Bom
372,Homem,33, solteiro,funcionário/funcionário qualificado,> 7,Sim,Bom
373,Mulher,23,uniao registrada,funcionário/funcionário qualificado,...<1ano,Sim,Bom
374,Homem,63, solteiro,gestão / autônomo / funcionário / diretor altamente qualificado,> 7,Sim,Bom
375,Mulher,60,uniao registrada,gestão / autônomo / funcionário / diretor altamente qualificado,> 7,Sim,Ruim
376,Mulher,37,uniao registrada,funcionário/funcionário qualificado,4 - 7,Sim,Ruim
377,Homem,34,uniao registrada,funcionário/funcionário qualificado,desempregado,Sim,Bom
378,Homem,36, solteiro,funcionário/funcionário qualificado,> 7,Sim,Bom
379,Homem,57, solteiro,gestão / autônomo / funcionário / diretor altamente qualificado,> 7,Sim,Ruim
380,Mulher,52,uniao registrada,não qualificado - residente,1 - 4,Sim,Bom
381,Homem,39, solteiro,funcionário/funcionário qualificado,4 - 7,Sim,Bom
382,Mulher,38,uniao registrada,gestão / autônomo / funcionário / diretor altamente qualificado,desempregado,Sim,Ruim
383,Mulher,25,uniao registrada,funcionário/funcionário qualificado,4 - 7,Sim,Bom
384,Homem,26, solteiro,funcionário/funcionário qualificado,...<1ano,Sim,Bom
385,Homem,26, solteiro,não qualificado - residente,1 - 4,Sim,Bom
386,Mulher,25,uniao registrada,funcionário/funcionário qualificado,1 - 4,Sim,Bom
387,Mulher,21,uniao registrada,funcionário/funcionário qualificado,...<1ano,Sim,Bom
388,Homem,40, solteiro,gestão / autônomo / funcionário / diretor altamente qualificado,desempregado,Sim,Bom
389,Homem,27, solteiro,funcionário/funcionário qualificado,1 - 4,Sim,Bom
390,Mulher,27,uniao registrada,funcionário/funcionário qualificado,4 - 7,Sim,Bom
391,Homem,30,uniao registrada,gestão / autônomo / funcionário / diretor altamente qualificado,1 - 4,Sim,Bom
392,Mulher,19,uniao registrada,não qualificado - residente,...<1ano,Sim,Bom
393,Homem,39, solteiro,gestão / autônomo / funcionário / diretor altamente qualificado,4 - 7,Sim,Bom
394,Mulher,31,uniao registrada,funcionário/funcionário qualificado,4 - 7,Sim,Bom
395,Homem,31, solteiro,gestão / autônomo / funcionário / diretor altamente qualificado,desempregado,Sim,Bom
396,Homem,32, solteiro,funcionário/funcionário qualificado,4 - 7,Sim,Bom
397,Mulher,55,uniao registrada,gestão / autônomo / funcionário / diretor altamente qualificado,desempregado,Sim,Bom
398,Homem,46,uniao registrada,funcionário/funcionário qualificado,1 - 4,Sim,Bom
399,Homem,46,uniao registrada,funcionário/funcionário qualificado,> 7,Sim,Ruim
400,Mulher,43,uniao registrada,não qualificado - residente,1 - 4,Sim,Bom
401,Homem,39,uniao registrada,funcionário/funcionário qualificado,...<1ano,Sim,Bom
402,Homem,28,uniao registrada,funcionário/funcionário qualificado,1 - 4,Sim,Bom
403,Homem,27, solteiro,funcionário/funcionário qualificado,...<1ano,Sim,Ruim
404,Homem,27, solteiro,não qualificado - residente,1 - 4,Sim,Bom
405,Homem,43, solteiro,funcionário/funcionário qualificado,> 7,Sim,Bom
406,Homem,22,uniao registrada,funcionário/funcionário qualificado,...<1ano,Sim,Ruim
407,Homem,43, solteiro,funcionário/funcionário qualificado,4 - 7,Sim,Bom
408,Homem,27,uniao registrada,funcionário/funcionário qualificado,...<1ano,Não,Bom
409,Homem,26,uniao registrada,gestão / autônomo / funcionário / diretor altamente qualificado,> 7,Sim,Bom
410,Homem,28,uniao registrada,funcionário/funcionário qualificado,4 - 7,Sim,Ruim
411,Mulher,20,uniao registrada,funcionário/funcionário qualificado,> 7,Sim,Bom
412,Homem,35, solteiro,gestão / autônomo / funcionário / diretor altamente qualificado,4 - 7,Sim,Bom
413,Homem,42, solteiro,gestão / autônomo / funcionário / diretor altamente qualificado,desempregado,Sim,Ruim
414,Homem,40, solteiro,não qualificado - residente,1 - 4,Não,Bom
415,Mulher,35,uniao registrada,funcionário/funcionário qualificado,1 - 4,Sim,Ruim
416,Homem,35, solteiro,funcionário/funcionário qualificado,> 7,Sim,Bom
417,Homem,33, solteiro,não qualificado - residente,...<1ano,Sim,Ruim
418,Mulher,23,uniao registrada,funcionário/funcionário qualificado,1 - 4,Sim,Bom
419,Mulher,31,uniao registrada,gestão / autônomo / funcionário / diretor altamente qualificado,4 - 7,Sim,Bom
420,Mulher,33,uniao registrada,funcionário/funcionário qualificado,1 - 4,Sim,Ruim
421,Mulher,20,uniao registrada,funcionário/funcionário qualificado,4 - 7,Sim,Bom
422,Homem,30, solteiro,funcionário/funcionário qualificado,1 - 4,Sim,Bom
423,Homem,47, solteiro,não qualificado - residente,4 - 7,Sim,Bom
424,Homem,34, solteiro,gestão / autônomo / funcionário / diretor altamente qualificado,4 - 7,Sim,Bom
425,Mulher,25,uniao registrada,funcionário/funcionário qualificado,> 7,Sim,Ruim
426,Homem,21,uniao registrada,funcionário/funcionário qualificado,1 - 4,Sim,Bom
427,Homem,29, solteiro,funcionário/funcionário qualificado,> 7,Sim,Bom
428,Homem,46, solteiro,funcionário/funcionário qualificado,1 - 4,Sim,Bom
429,Homem,20, solteiro,funcionário/funcionário qualificado,> 7,Sim,Bom
430,Mulher,55,uniao registrada,desempregado/não qualificado - não residente,desempregado,Sim,Ruim
431,Homem,74, solteiro,não qualificado - residente,4 - 7,Sim,Bom
432,Homem,29, solteiro,gestão / autônomo / funcionário / diretor altamente qualificado,1 - 4,Sim,Ruim
433,Homem,36, solteiro,gestão / autônomo / funcionário / diretor altamente qualificado,desempregado,Sim,Bom
434,Homem,33,uniao registrada,funcionário/funcionário qualificado,1 - 4,Sim,Bom
435,Homem,25, solteiro,funcionário/funcionário qualificado,1 - 4,Sim,Bom
436,Homem,25,uniao registrada,funcionário/funcionário qualificado,1 - 4,Sim,Ruim
437,Homem,23,uniao registrada,não qualificado - residente,4 - 7,Sim,Bom
438,Mulher,37,uniao registrada,funcionário/funcionário qualificado,> 7,Sim,Bom
439,Homem,65, solteiro,desempregado/não qualificado - não residente,desempregado,Sim,Bom
440,Mulher,26,uniao registrada,desempregado/não qualificado - não residente,...<1ano,Sim,Ruim
441,Homem,39, solteiro,gestão / autônomo / funcionário / diretor altamente qualificado,> 7,Sim,Bom
442,Mulher,30,uniao registrada,funcionário/funcionário qualificado,1 - 4,Sim,Bom
443,Homem,29, solteiro,funcionário/funcionário qualificado,1 - 4,Sim,Bom
444,Homem,41, solteiro,não qualificado - residente,> 7,Sim,Ruim
445,Mulher,30,uniao registrada,gestão / autônomo / funcionário / diretor altamente qualificado,1 - 4,Sim,Ruim
446,Mulher,41,uniao registrada,não qualificado - residente,> 7,Sim,Bom
447,Mulher,34,uniao registrada,funcionário/funcionário qualificado,...<1ano,Sim,Ruim
448,Homem,35, solteiro,funcionário/funcionário qualificado,1 - 4,Sim,Bom
449,Mulher,55,uniao registrada,gestão / autônomo / funcionário / diretor altamente qualificado,> 7,Sim,Bom
450,Homem,61,uniao registrada,funcionário/funcionário qualificado,1 - 4,Sim,Ruim
451,Homem,30, solteiro,gestão / autônomo / funcionário / diretor altamente qualificado,1 - 4,Sim,Bom
452,Mulher,29,uniao registrada,funcionário/funcionário qualificado,1 - 4,Sim,Bom
453,Homem,34, solteiro,funcionário/funcionário qualificado,> 7,Sim,Bom
454,Homem,35, solteiro,gestão / autônomo / funcionário / diretor altamente qualificado,> 7,Sim,Bom
455,Homem,31, solteiro,funcionário/funcionário qualificado,4 - 7,Sim,Ruim
456,Mulher,29,uniao registrada,gestão / autônomo / funcionário / diretor altamente qualificado,...<1ano,Sim,Bom
457,Homem,36, solteiro,funcionário/funcionário qualificado,1 - 4,Sim,Bom
458,Homem,35, solteiro,funcionário/funcionário qualificado,> 7,Sim,Ruim
459,Mulher,27,uniao registrada,funcionário/funcionário qualificado,...<1ano,Sim,Bom
460,Homem,32, solteiro,funcionário/funcionário qualificado,...<1ano,Sim,Bom
461,Homem,37, solteiro,funcionário/funcionário qualificado,1 - 4,Sim,Bom
462,Homem,36, solteiro,funcionário/funcionário qualificado,...<1ano,Sim,Bom
463,Mulher,34,uniao registrada,gestão / autônomo / funcionário / diretor altamente qualificado,...<1ano,Sim,Bom
464,Homem,38, solteiro,funcionário/funcionário qualificado,> 7,Sim,Bom
465,Homem,34, solteiro,funcionário/funcionário qualificado,4 - 7,Sim,Bom
466,Homem,63, solteiro,funcionário/funcionário qualificado,1 - 4,Sim,Bom
467,Mulher,29,uniao registrada,não qualificado - residente,...<1ano,Sim,Ruim
468,Homem,32, solteiro,funcionário/funcionário qualificado,> 7,Sim,Bom
469,Mulher,26,uniao registrada,funcionário/funcionário qualificado,1 - 4,Sim,Bom
470,Homem,35, solteiro,não qualificado - residente,4 - 7,Sim,Bom
471,Homem,22,uniao registrada,funcionário/funcionário qualificado,...<1ano,Sim,Ruim
472,Mulher,23,uniao registrada,funcionário/funcionário qualificado,...<1ano,Sim,Ruim
473,Homem,28, solteiro,não qualificado - residente,1 - 4,Sim,Ruim
474,Homem,36, solteiro,gestão / autônomo / funcionário / diretor altamente qualificado,desempregado,Sim,Bom
475,Homem,33,uniao registrada,funcionário/funcionário qualificado,1 - 4,Sim,Ruim
476,Mulher,26,uniao registrada,funcionário/funcionário qualificado,...<1ano,Sim,Ruim
477,Homem,24, solteiro,funcionário/funcionário qualificado,1 - 4,Sim,Bom
478,Homem,25, solteiro,funcionário/funcionário qualificado,4 - 7,Sim,Bom
479,Homem,39, solteiro,não qualificado - residente,4 - 7,Sim,Bom
480,Homem,44, solteiro,funcionário/funcionário qualificado,> 7,Sim,Bom
481,Mulher,23,uniao registrada,não qualificado - residente,1 - 4,Sim,Bom
482,Homem,26, solteiro,funcionário/funcionário qualificado,...<1ano,Sim,Bom
483,Mulher,57,uniao registrada,funcionário/funcionário qualificado,> 7,Sim,Bom
484,Mulher,30,uniao registrada,funcionário/funcionário qualificado,4 - 7,Sim,Bom
485,Homem,44, solteiro,funcionário/funcionário qualificado,1 - 4,Sim,Bom
486,Homem,47, solteiro,gestão / autônomo / funcionário / diretor altamente qualificado,desempregado,Sim,Ruim
487,Homem,52, solteiro,funcionário/funcionário qualificado,1 - 4,Sim,Bom
488,Mulher,62,uniao registrada,funcionário/funcionário qualificado,> 7,Sim,Bom
489,Homem,35, solteiro,não qualificado - residente,1 - 4,Não,Bom
490,Homem,26, solteiro,funcionário/funcionário qualificado,1 - 4,Sim,Bom
491,Homem,26, solteiro,funcionário/funcionário qualificado,> 7,Sim,Bom
492,Mulher,42,uniao registrada,gestão / autônomo / funcionário / diretor altamente qualificado,> 7,Sim,Ruim
493,Mulher,27,uniao registrada,funcionário/funcionário qualificado,1 - 4,Sim,Bom
494,Homem,38, solteiro,funcionário/funcionário qualificado,> 7,Sim,Bom
495,Homem,39, solteiro,não qualificado - residente,1 - 4,Não,Bom
496,Homem,20,uniao registrada,funcionário/funcionário qualificado,1 - 4,Sim,Ruim
497,Homem,29, solteiro,gestão / autônomo / funcionário / diretor altamente qualificado,...<1ano,Sim,Ruim
498,Homem,40, solteiro,funcionário/funcionário qualificado,4 - 7,Sim,Bom
499,Homem,32,uniao registrada,não qualificado - residente,> 7,Sim,Bom
500,Homem,28,uniao registrada,funcionário/funcionário qualificado,> 7,Sim,Bom
501,Mulher,27,uniao registrada,funcionário/funcionário qualificado,...<1ano,Sim,Ruim
502,Homem,42, solteiro,funcionário/funcionário qualificado,> 7,Sim,Bom
503,Homem,49,uniao registrada,funcionário/funcionário qualificado,> 7,Sim,Bom
504,Homem,38, solteiro,funcionário/funcionário qualificado,...<1ano,Sim,Ruim
505,Mulher,24,uniao registrada,funcionário/funcionário qualificado,...<1ano,Sim,Ruim
506,Homem,27, solteiro,não qualificado - residente,1 - 4,Sim,Ruim
507,Homem,36, solteiro,funcionário/funcionário qualificado,1 - 4,Sim,Bom
508,Homem,34, solteiro,gestão / autônomo / funcionário / diretor altamente qualificado,desempregado,Sim,Ruim
509,Homem,28,uniao registrada,funcionário/funcionário qualificado,1 - 4,Sim,Bom
510,Homem,45, solteiro,gestão / autônomo / funcionário / diretor altamente qualificado,> 7,Sim,Bom
511,Homem,26, solteiro,funcionário/funcionário qualificado,4 - 7,Sim,Ruim
512,Homem,32, solteiro,gestão / autônomo / funcionário / diretor altamente qualificado,1 - 4,Sim,Bom
513,Homem,26, solteiro,funcionário/funcionário qualificado,4 - 7,Sim,Bom
514,Homem,20,uniao registrada,funcionário/funcionário qualificado,1 - 4,Sim,Bom
515,Homem,54, solteiro,funcionário/funcionário qualificado,...<1ano,Sim,Bom
516,Mulher,37,uniao registrada,funcionário/funcionário qualificado,4 - 7,Não,Bom
517,Homem,40, solteiro,não qualificado - residente,...<1ano,Não,Bom
518,Mulher,23,uniao registrada,funcionário/funcionário qualificado,...<1ano,Sim,Ruim
519,Homem,43, solteiro,funcionário/funcionário qualificado,> 7,Sim,Bom
520,Homem,36, solteiro,funcionário/funcionário qualificado,> 7,Sim,Bom
521,Homem,44, solteiro,funcionário/funcionário qualificado,> 7,Sim,Bom
522,Mulher,24,uniao registrada,funcionário/funcionário qualificado,1 - 4,Sim,Ruim
523,Homem,53, solteiro,funcionário/funcionário qualificado,1 - 4,Sim,Ruim
524,Mulher,23,uniao registrada,funcionário/funcionário qualificado,4 - 7,Sim,Bom
525,Mulher,26,uniao registrada,não qualificado - residente,1 - 4,Sim,Bom
526,Homem,30, solteiro,funcionário/funcionário qualificado,...<1ano,Sim,Bom
527,Mulher,31,uniao registrada,funcionário/funcionário qualificado,1 - 4,Sim,Bom
528,Homem,42, solteiro,não qualificado - residente,4 - 7,Sim,Bom
529,Homem,31,uniao registrada,funcionário/funcionário qualificado,1 - 4,Sim,Ruim
530,Homem,41, solteiro,não qualificado - residente,...<1ano,Sim,Bom
531,Homem,32, solteiro,funcionário/funcionário qualificado,4 - 7,Sim,Bom
532,Mulher,28,uniao registrada,funcionário/funcionário qualificado,1 - 4,Sim,Ruim
533,Homem,41,uniao registrada,funcionário/funcionário qualificado,1 - 4,Sim,Bom
534,Homem,26,uniao registrada,funcionário/funcionário qualificado,4 - 7,Sim,Bom
535,Homem,25, solteiro,funcionário/funcionário qualificado,...<1ano,Sim,Bom
536,Homem,33,uniao registrada,funcionário/funcionário qualificado,...<1ano,Sim,Ruim
537,Mulher,75,uniao registrada,gestão / autônomo / funcionário / diretor altamente qualificado,desempregado,Sim,Bom
538,Mulher,37,uniao registrada,funcionário/funcionário qualificado,> 7,Sim,Bom
539,Homem,42, solteiro,gestão / autônomo / funcionário / diretor altamente qualificado,> 7,Sim,Ruim
540,Mulher,45,uniao registrada,não qualificado - residente,...<1ano,Sim,Bom
541,Homem,23,uniao registrada,funcionário/funcionário qualificado,...<1ano,Sim,Ruim
542,Homem,60, solteiro,funcionário/funcionário qualificado,> 7,Sim,Bom
543,Homem,31, solteiro,funcionário/funcionário qualificado,> 7,Sim,Ruim
544,Homem,34, solteiro,não qualificado - residente,1 - 4,Sim,Ruim
545,Homem,61, solteiro,não qualificado - residente,> 7,Sim,Bom
546,Homem,43, solteiro,funcionário/funcionário qualificado,desempregado,Sim,Ruim
547,Mulher,37,uniao registrada,funcionário/funcionário qualificado,1 - 4,Sim,Bom
548,Homem,32, solteiro,funcionário/funcionário qualificado,4 - 7,Sim,Bom
549,Mulher,24,uniao registrada,não qualificado - residente,1 - 4,Sim,Ruim
550,Homem,35, solteiro,funcionário/funcionário qualificado,4 - 7,Sim,Bom
551,Mulher,23,uniao registrada,funcionário/funcionário qualificado,4 - 7,Sim,Bom
552,Homem,45, solteiro,não qualificado - residente,> 7,Sim,Bom
553,Homem,34,uniao registrada,funcionário/funcionário qualificado,4 - 7,Sim,Ruim
554,Homem,27, solteiro,funcionário/funcionário qualificado,...<1ano,Sim,Bom
555,Mulher,67,uniao registrada,gestão / autônomo / funcionário / diretor altamente qualificado,4 - 7,Sim,Bom
556,Homem,22, solteiro,funcionário/funcionário qualificado,...<1ano,Sim,Ruim
557,Mulher,28,uniao registrada,funcionário/funcionário qualificado,...<1ano,Sim,Ruim
558,Mulher,29,uniao registrada,funcionário/funcionário qualificado,1 - 4,Sim,Ruim
559,Homem,27, solteiro,funcionário/funcionário qualificado,4 - 7,Sim,Ruim
560,Homem,31, solteiro,não qualificado - residente,...<1ano,Sim,Ruim
561,Homem,49, solteiro,funcionário/funcionário qualificado,> 7,Sim,Bom
562,Homem,24, solteiro,não qualificado - residente,4 - 7,Sim,Ruim
563,Mulher,29,uniao registrada,funcionário/funcionário qualificado,...<1ano,Sim,Bom
564,Homem,37, solteiro,funcionário/funcionário qualificado,1 - 4,Sim,Ruim
565,Homem,37, solteiro,gestão / autônomo / funcionário / diretor altamente qualificado,1 - 4,Sim,Bom
566,Mulher,23,uniao registrada,funcionário/funcionário qualificado,4 - 7,Sim,Bom
567,Homem,36,uniao registrada,funcionário/funcionário qualificado,4 - 7,Sim,Ruim
568,Homem,34, solteiro,funcionário/funcionário qualificado,> 7,Sim,Bom
569,Homem,41, solteiro,funcionário/funcionário qualificado,4 - 7,Sim,Bom
570,Mulher,31,uniao registrada,funcionário/funcionário qualificado,1 - 4,Sim,Ruim
571,Mulher,23,uniao registrada,não qualificado - residente,...<1ano,Sim,Ruim
572,Homem,38, solteiro,funcionário/funcionário qualificado,4 - 7,Sim,Bom
573,Mulher,26,uniao registrada,gestão / autônomo / funcionário / diretor altamente qualificado,desempregado,Sim,Bom
574,Mulher,22,uniao registrada,não qualificado - residente,1 - 4,Sim,Bom
575,Homem,27, solteiro,não qualificado - residente,> 7,Sim,Bom
576,Mulher,24,uniao registrada,funcionário/funcionário qualificado,4 - 7,Sim,Bom
577,Mulher,27,uniao registrada,funcionário/funcionário qualificado,4 - 7,Sim,Bom
578,Mulher,33,uniao registrada,funcionário/funcionário qualificado,1 - 4,Sim,Bom
579,Homem,27,uniao registrada,funcionário/funcionário qualificado,...<1ano,Sim,Ruim
580,Homem,27,uniao registrada,não qualificado - residente,...<1ano,Sim,Bom
581,Homem,30, solteiro,funcionário/funcionário qualificado,> 7,Sim,Ruim
582,Homem,49, solteiro,não qualificado - residente,...<1ano,Sim,Bom
583,Mulher,26,uniao registrada,funcionário/funcionário qualificado,1 - 4,Sim,Bom
584,Homem,33, solteiro,não qualificado - residente,...<1ano,Sim,Ruim
585,Mulher,52,uniao registrada,gestão / autônomo / funcionário / diretor altamente qualificado,> 7,Sim,Bom
586,Mulher,20,uniao registrada,funcionário/funcionário qualificado,1 - 4,Sim,Ruim
587,Homem,36, solteiro,funcionário/funcionário qualificado,1 - 4,Sim,Bom
588,Homem,21, solteiro,não qualificado - residente,1 - 4,Sim,Bom
589,Homem,47,uniao registrada,não qualificado - residente,1 - 4,Sim,Ruim
590,Homem,60, solteiro,funcionário/funcionário qualificado,> 7,Sim,Ruim
591,Mulher,58,uniao registrada,não qualificado - residente,4 - 7,Sim,Bom
592,Mulher,42,uniao registrada,funcionário/funcionário qualificado,1 - 4,Sim,Bom
593,Mulher,36,uniao registrada,não qualificado - residente,> 7,Sim,Bom
594,Mulher,20,uniao registrada,não qualificado - residente,1 - 4,Sim,Ruim
595,Homem,40, solteiro,gestão / autônomo / funcionário / diretor altamente qualificado,> 7,Sim,Ruim
596,Mulher,32,uniao registrada,não qualificado - residente,...<1ano,Sim,Ruim
597,Mulher,23,uniao registrada,funcionário/funcionário qualificado,4 - 7,Sim,Ruim
598,Homem,36, solteiro,não qualificado - residente,1 - 4,Sim,Ruim
599,Homem,31, solteiro,funcionário/funcionário qualificado,4 - 7,Sim,Ruim
600,Homem,32, solteiro,funcionário/funcionário qualificado,1 - 4,Sim,Bom
601,Mulher,45,uniao registrada,funcionário/funcionário qualificado,...<1ano,Sim,Bom
602,Mulher,30,uniao registrada,funcionário/funcionário qualificado,1 - 4,Sim,Ruim
603,Mulher,34,uniao registrada,não qualificado - residente,4 - 7,Sim,Ruim
604,Mulher,28,uniao registrada,gestão / autônomo / funcionário / diretor altamente qualificado,1 - 4,Sim,Ruim
605,Mulher,23,uniao registrada,funcionário/funcionário qualificado,...<1ano,Sim,Bom
606,Homem,22, solteiro,funcionário/funcionário qualificado,1 - 4,Sim,Bom
607,Homem,74, solteiro,gestão / autônomo / funcionário / diretor altamente qualificado,1 - 4,Sim,Bom
608,Mulher,50,uniao registrada,funcionário/funcionário qualificado,1 - 4,Sim,Ruim
609,Homem,33, solteiro,funcionário/funcionário qualificado,...<1ano,Sim,Bom
610,Homem,45, solteiro,funcionário/funcionário qualificado,> 7,Sim,Bom
611,Mulher,22,uniao registrada,funcionário/funcionário qualificado,desempregado,Sim,Ruim
612,Mulher,48,uniao registrada,não qualificado - residente,> 7,Sim,Ruim
613,Mulher,29,uniao registrada,funcionário/funcionário qualificado,...<1ano,Sim,Bom
614,Mulher,22,uniao registrada,funcionário/funcionário qualificado,1 - 4,Não,Bom
615,Mulher,22,uniao registrada,funcionário/funcionário qualificado,4 - 7,Sim,Ruim
616,Homem,48, solteiro,gestão / autônomo / funcionário / diretor altamente qualificado,1 - 4,Sim,Bom
617,Homem,27, solteiro,gestão / autônomo / funcionário / diretor altamente qualificado,1 - 4,Sim,Bom
618,Homem,37, solteiro,funcionário/funcionário qualificado,1 - 4,Sim,Bom
619,Mulher,21,uniao registrada,funcionário/funcionário qualificado,1 - 4,Sim,Ruim
620,Homem,49,uniao registrada,não qualificado - residente,1 - 4,Sim,Bom
621,Homem,27, solteiro,funcionário/funcionário qualificado,4 - 7,Sim,Bom
622,Homem,32, solteiro,funcionário/funcionário qualificado,1 - 4,Sim,Ruim
623,Homem,38,uniao registrada,funcionário/funcionário qualificado,1 - 4,Sim,Ruim
624,Mulher,22,uniao registrada,funcionário/funcionário qualificado,...<1ano,Sim,Bom
625,Homem,65, solteiro,funcionário/funcionário qualificado,1 - 4,Sim,Ruim
626,Homem,35, solteiro,funcionário/funcionário qualificado,> 7,Sim,Bom
627,Homem,41, solteiro,funcionário/funcionário qualificado,1 - 4,Sim,Bom
628,Homem,29, solteiro,funcionário/funcionário qualificado,4 - 7,Sim,Ruim
629,Homem,36, solteiro,funcionário/funcionário qualificado,1 - 4,Sim,Bom
630,Homem,64, solteiro,não qualificado - residente,> 7,Sim,Bom
631,Mulher,28,uniao registrada,funcionário/funcionário qualificado,1 - 4,Sim,Bom
632,Homem,44, solteiro,funcionário/funcionário qualificado,1 - 4,Sim,Ruim
633,Homem,23, solteiro,funcionário/funcionário qualificado,...<1ano,Sim,Bom
634,Mulher,19,uniao registrada,funcionário/funcionário qualificado,...<1ano,Sim,Ruim
635,Mulher,25,uniao registrada,não qualificado - residente,...<1ano,Sim,Ruim
636,Homem,47, solteiro,funcionário/funcionário qualificado,> 7,Sim,Bom
637,Mulher,28,uniao registrada,funcionário/funcionário qualificado,4 - 7,Sim,Bom
638,Homem,21, solteiro,funcionário/funcionário qualificado,4 - 7,Sim,Bom
639,Mulher,34,uniao registrada,funcionário/funcionário qualificado,...<1ano,Sim,Bom
640,Homem,26, solteiro,funcionário/funcionário qualificado,4 - 7,Sim,Ruim
641,Mulher,27,uniao registrada,desempregado/não qualificado - não residente,desempregado,Sim,Ruim
642,Homem,38, solteiro,não qualificado - residente,> 7,Sim,Bom
643,Homem,40, solteiro,gestão / autônomo / funcionário / diretor altamente qualificado,1 - 4,Sim,Ruim
644,Homem,33,uniao registrada,funcionário/funcionário qualificado,4 - 7,Sim,Bom
645,Homem,32,uniao registrada,gestão / autônomo / funcionário / diretor altamente qualificado,4 - 7,Sim,Bom
646,Homem,27, solteiro,funcionário/funcionário qualificado,...<1ano,Sim,Ruim
647,Homem,32,uniao registrada,funcionário/funcionário qualificado,1 - 4,Sim,Bom
648,Mulher,26,uniao registrada,funcionário/funcionário qualificado,1 - 4,Sim,Ruim
649,Homem,38, solteiro,funcionário/funcionário qualificado,4 - 7,Sim,Ruim
650,Homem,40, solteiro,não qualificado - residente,1 - 4,Sim,Ruim
651,Homem,50, solteiro,gestão / autônomo / funcionário / diretor altamente qualificado,4 - 7,Sim,Bom
652,Homem,37, solteiro,não qualificado - residente,1 - 4,Sim,Ruim
653,Homem,45, solteiro,funcionário/funcionário qualificado,> 7,Sim,Ruim
654,Homem,42, solteiro,gestão / autônomo / funcionário / diretor altamente qualificado,> 7,Sim,Ruim
655,Homem,35, solteiro,funcionário/funcionário qualificado,4 - 7,Sim,Bom
656,Homem,22, solteiro,funcionário/funcionário qualificado,desempregado,Sim,Bom
657,Homem,41, solteiro,não qualificado - residente,> 7,Sim,Ruim
658,Homem,37, solteiro,funcionário/funcionário qualificado,4 - 7,Sim,Bom
659,Mulher,28,uniao registrada,funcionário/funcionário qualificado,1 - 4,Sim,Bom
660,Homem,41, solteiro,funcionário/funcionário qualificado,> 7,Sim,Bom
661,Homem,23,uniao registrada,funcionário/funcionário qualificado,1 - 4,Sim,Bom
662,Homem,23,uniao registrada,funcionário/funcionário qualificado,1 - 4,Sim,Ruim
663,Homem,50, solteiro,funcionário/funcionário qualificado,> 7,Sim,Bom
664,Homem,35, solteiro,gestão / autônomo / funcionário / diretor altamente qualificado,desempregado,Sim,Bom
665,Mulher,50,uniao registrada,não qualificado - residente,1 - 4,Sim,Bom
666,Homem,27, solteiro,gestão / autônomo / funcionário / diretor altamente qualificado,desempregado,Sim,Bom
667,Homem,34, solteiro,funcionário/funcionário qualificado,1 - 4,Sim,Bom
668,Mulher,27,uniao registrada,funcionário/funcionário qualificado,1 - 4,Sim,Bom
669,Homem,43, solteiro,funcionário/funcionário qualificado,> 7,Sim,Ruim
670,Homem,47, solteiro,funcionário/funcionário qualificado,> 7,Sim,Bom
671,Homem,27, solteiro,não qualificado - residente,1 - 4,Sim,Bom
672,Homem,31, solteiro,funcionário/funcionário qualificado,4 - 7,Sim,Bom
673,Homem,42, solteiro,gestão / autônomo / funcionário / diretor altamente qualificado,> 7,Sim,Bom
674,Homem,24,uniao registrada,funcionário/funcionário qualificado,1 - 4,Sim,Bom
675,Homem,41, solteiro,não qualificado - residente,...<1ano,Sim,Ruim
676,Mulher,26,uniao registrada,gestão / autônomo / funcionário / diretor altamente qualificado,4 - 7,Sim,Bom
677,Homem,33, solteiro,funcionário/funcionário qualificado,> 7,Sim,Bom
678,Homem,24,uniao registrada,funcionário/funcionário qualificado,1 - 4,Sim,Ruim
679,Homem,64, solteiro,não qualificado - residente,> 7,Sim,Bom
680,Mulher,26,uniao registrada,funcionário/funcionário qualificado,...<1ano,Sim,Bom
681,Mulher,56,uniao registrada,funcionário/funcionário qualificado,...<1ano,Sim,Bom
682,Homem,37, solteiro,funcionário/funcionário qualificado,1 - 4,Sim,Bom
683,Homem,33,uniao registrada,funcionário/funcionário qualificado,1 - 4,Sim,Bom
684,Homem,47,uniao registrada,funcionário/funcionário qualificado,...<1ano,Sim,Bom
685,Homem,31, solteiro,não qualificado - residente,4 - 7,Sim,Bom
686,Homem,34, solteiro,funcionário/funcionário qualificado,1 - 4,Sim,Bom
687,Homem,27, solteiro,funcionário/funcionário qualificado,4 - 7,Sim,Bom
688,Homem,30, solteiro,funcionário/funcionário qualificado,> 7,Sim,Bom
689,Homem,35, solteiro,funcionário/funcionário qualificado,> 7,Sim,Bom
690,Homem,31, solteiro,funcionário/funcionário qualificado,1 - 4,Sim,Bom
691,Homem,25,uniao registrada,funcionário/funcionário qualificado,1 - 4,Sim,Bom
692,Mulher,25,uniao registrada,não qualificado - residente,1 - 4,Sim,Bom
693,Homem,29, solteiro,funcionário/funcionário qualificado,...<1ano,Sim,Bom
694,Homem,44, solteiro,não qualificado - residente,...<1ano,Sim,Bom
695,Homem,28, solteiro,funcionário/funcionário qualificado,4 - 7,Sim,Bom
696,Homem,50, solteiro,funcionário/funcionário qualificado,1 - 4,Sim,Bom
697,Homem,29, solteiro,funcionário/funcionário qualificado,4 - 7,Não,Bom
698,Mulher,38,uniao registrada,desempregado/não qualificado - não residente,desempregado,Sim,Bom
699,Homem,24, solteiro,funcionário/funcionário qualificado,1 - 4,Sim,Bom
700,Homem,40, solteiro,gestão / autônomo / funcionário / diretor altamente qualificado,> 7,Sim,Bom
701,Mulher,29,uniao registrada,não qualificado - residente,1 - 4,Sim,Ruim
702,Homem,46, solteiro,funcionário/funcionário qualificado,> 7,Sim,Ruim
703,Mulher,47,uniao registrada,funcionário/funcionário qualificado,> 7,Sim,Bom
704,Homem,41, solteiro,funcionário/funcionário qualificado,> 7,Sim,Bom
705,Mulher,32,uniao registrada,funcionário/funcionário qualificado,...<1ano,Sim,Bom
706,Mulher,35,uniao registrada,funcionário/funcionário qualificado,> 7,Sim,Bom
707,Homem,24, solteiro,funcionário/funcionário qualificado,4 - 7,Sim,Ruim
708,Mulher,25,uniao registrada,funcionário/funcionário qualificado,...<1ano,Sim,Ruim
709,Mulher,25,uniao registrada,funcionário/funcionário qualificado,> 7,Sim,Bom
710,Homem,37, solteiro,não qualificado - residente,1 - 4,Sim,Bom
711,Homem,32, solteiro,gestão / autônomo / funcionário / diretor altamente qualificado,> 7,Sim,Bom
712,Mulher,35,uniao registrada,funcionário/funcionário qualificado,> 7,Sim,Ruim
713,Homem,46, solteiro,gestão / autônomo / funcionário / diretor altamente qualificado,> 7,Sim,Bom
714,Homem,25, solteiro,não qualificado - residente,1 - 4,Sim,Bom
715,Homem,27, solteiro,gestão / autônomo / funcionário / diretor altamente qualificado,4 - 7,Sim,Ruim
716,Homem,63, solteiro,funcionário/funcionário qualificado,> 7,Sim,Bom
717,Homem,40, solteiro,funcionário/funcionário qualificado,> 7,Sim,Bom
718,Homem,32, solteiro,gestão / autônomo / funcionário / diretor altamente qualificado,1 - 4,Sim,Bom
719,Homem,31, solteiro,funcionário/funcionário qualificado,1 - 4,Sim,Bom
720,Homem,31,uniao registrada,funcionário/funcionário qualificado,> 7,Sim,Bom
721,Homem,34, solteiro,gestão / autônomo / funcionário / diretor altamente qualificado,...<1ano,Sim,Ruim
722,Mulher,24,uniao registrada,funcionário/funcionário qualificado,...<1ano,Sim,Ruim
723,Mulher,24,uniao registrada,não qualificado - residente,1 - 4,Sim,Ruim
724,Mulher,66,uniao registrada,não qualificado - residente,1 - 4,Sim,Bom
725,Mulher,21,uniao registrada,funcionário/funcionário qualificado,1 - 4,Sim,Ruim
726,Mulher,41,uniao registrada,não qualificado - residente,1 - 4,Sim,Bom
727,Homem,47,uniao registrada,não qualificado - residente,1 - 4,Sim,Bom
728,Mulher,25,uniao registrada,funcionário/funcionário qualificado,1 - 4,Sim,Ruim
729,Mulher,59,uniao registrada,funcionário/funcionário qualificado,> 7,Sim,Ruim
730,Homem,36,uniao registrada,funcionário/funcionário qualificado,1 - 4,Sim,Bom
731,Homem,33, solteiro,funcionário/funcionário qualificado,...<1ano,Sim,Bom
732,Homem,21, solteiro,não qualificado - residente,1 - 4,Sim,Ruim
733,Mulher,44,uniao registrada,não qualificado - residente,4 - 7,Sim,Bom
734,Mulher,28,uniao registrada,funcionário/funcionário qualificado,1 - 4,Sim,Bom
735,Mulher,37,uniao registrada,funcionário/funcionário qualificado,4 - 7,Sim,Bom
736,Mulher,29,uniao registrada,desempregado/não qualificado - não residente,...<1ano,Sim,Bom
737,Mulher,23,uniao registrada,gestão / autônomo / funcionário / diretor altamente qualificado,1 - 4,Sim,Ruim
738,Homem,35, solteiro,não qualificado - residente,1 - 4,Sim,Bom
739,Homem,45, solteiro,gestão / autônomo / funcionário / diretor altamente qualificado,4 - 7,Sim,Bom
740,Mulher,26,uniao registrada,não qualificado - residente,1 - 4,Sim,Ruim
741,Homem,32, solteiro,funcionário/funcionário qualificado,4 - 7,Sim,Bom
742,Homem,23, solteiro,não qualificado - residente,1 - 4,Sim,Bom
743,Homem,41, solteiro,funcionário/funcionário qualificado,> 7,Sim,Bom
744,Homem,22, solteiro,funcionário/funcionário qualificado,1 - 4,Sim,Bom
745,Homem,30, solteiro,gestão / autônomo / funcionário / diretor altamente qualificado,4 - 7,Sim,Bom
746,Homem,28, solteiro,não qualificado - residente,...<1ano,Sim,Bom
747,Mulher,23,uniao registrada,funcionário/funcionário qualificado,desempregado,Sim,Bom
748,Mulher,37,uniao registrada,não qualificado - residente,...<1ano,Sim,Ruim
749,Homem,26, solteiro,funcionário/funcionário qualificado,1 - 4,Sim,Bom
750,Homem,33, solteiro,funcionário/funcionário qualificado,4 - 7,Sim,Bom
751,Mulher,49,uniao registrada,funcionário/funcionário qualificado,> 7,Sim,Bom
752,Mulher,23,uniao registrada,não qualificado - residente,...<1ano,Sim,Ruim
753,Mulher,23,uniao registrada,não qualificado - residente,4 - 7,Sim,Bom
754,Mulher,25,uniao registrada,funcionário/funcionário qualificado,4 - 7,Sim,Bom
755,Homem,55, solteiro,funcionário/funcionário qualificado,> 7,Sim,Ruim
756,Mulher,32,uniao registrada,funcionário/funcionário qualificado,4 - 7,Sim,Ruim
757,Homem,74, solteiro,desempregado/não qualificado - não residente,1 - 4,Não,Bom
758,Homem,39, solteiro,funcionário/funcionário qualificado,1 - 4,Sim,Ruim
759,Homem,31, solteiro,funcionário/funcionário qualificado,1 - 4,Sim,Bom
760,Homem,35, solteiro,funcionário/funcionário qualificado,> 7,Sim,Ruim
761,Mulher,59,uniao registrada,funcionário/funcionário qualificado,> 7,Sim,Bom
762,Mulher,24,uniao registrada,funcionário/funcionário qualificado,1 - 4,Sim,Ruim
763,Homem,24, solteiro,não qualificado - residente,1 - 4,Sim,Bom
764,Homem,30, solteiro,gestão / autônomo / funcionário / diretor altamente qualificado,> 7,Sim,Ruim
765,Homem,27,uniao registrada,funcionário/funcionário qualificado,4 - 7,Sim,Bom
766,Homem,40,uniao registrada,não qualificado - residente,> 7,Sim,Bom
767,Homem,31,uniao registrada,não qualificado - residente,...<1ano,Sim,Ruim
768,Mulher,31,uniao registrada,funcionário/funcionário qualificado,...<1ano,Sim,Bom
769,Homem,28, solteiro,funcionário/funcionário qualificado,> 7,Sim,Bom
770,Homem,63, solteiro,não qualificado - residente,> 7,Sim,Bom
771,Mulher,26,uniao registrada,funcionário/funcionário qualificado,> 7,Sim,Bom
772,Mulher,25,uniao registrada,gestão / autônomo / funcionário / diretor altamente qualificado,1 - 4,Sim,Ruim
773,Homem,36, solteiro,gestão / autônomo / funcionário / diretor altamente qualificado,> 7,Sim,Bom
774,Homem,52, solteiro,funcionário/funcionário qualificado,> 7,Sim,Bom
775,Homem,66, solteiro,desempregado/não qualificado - não residente,desempregado,Sim,Bom
776,Mulher,25,uniao registrada,funcionário/funcionário qualificado,1 - 4,Sim,Ruim
777,Homem,37, solteiro,funcionário/funcionário qualificado,4 - 7,Sim,Bom
778,Mulher,25,uniao registrada,funcionário/funcionário qualificado,4 - 7,Sim,Bom
779,Homem,38, solteiro,gestão / autônomo / funcionário / diretor altamente qualificado,> 7,Sim,Bom
780,Mulher,67,uniao registrada,funcionário/funcionário qualificado,desempregado,Sim,Bom
781,Homem,25, solteiro,funcionário/funcionário qualificado,4 - 7,Sim,Ruim
782,Homem,60, solteiro,funcionário/funcionário qualificado,> 7,Sim,Bom
783,Homem,31, solteiro,não qualificado - residente,1 - 4,Sim,Bom
784,Mulher,23,uniao registrada,não qualificado - residente,...<1ano,Sim,Ruim
785,Homem,60,uniao registrada,gestão / autônomo / funcionário / diretor altamente qualificado,desempregado,Sim,Bom
786,Homem,35, solteiro,não qualificado - residente,1 - 4,Sim,Bom
787,Homem,40, solteiro,funcionário/funcionário qualificado,> 7,Sim,Bom
788,Homem,38, solteiro,funcionário/funcionário qualificado,> 7,Sim,Bom
789,Homem,50, solteiro,funcionário/funcionário qualificado,> 7,Sim,Ruim
790,Homem,27, solteiro,funcionário/funcionário qualificado,1 - 4,Sim,Ruim
791,Mulher,39,uniao registrada,funcionário/funcionário qualificado,> 7,Sim,Ruim
792,Homem,41, solteiro,gestão / autônomo / funcionário / diretor altamente qualificado,> 7,Sim,Bom
793,Homem,27,uniao registrada,funcionário/funcionário qualificado,1 - 4,Sim,Bom
794,Homem,51,uniao registrada,funcionário/funcionário qualificado,> 7,Sim,Bom
795,Homem,32, solteiro,funcionário/funcionário qualificado,> 7,Sim,Bom
796,Mulher,22,uniao registrada,funcionário/funcionário qualificado,...<1ano,Sim,Bom
797,Homem,51, solteiro,funcionário/funcionário qualificado,> 7,Sim,Ruim
798,Mulher,22,uniao registrada,não qualificado - residente,...<1ano,Sim,Bom
799,Homem,54,uniao registrada,funcionário/funcionário qualificado,> 7,Sim,Bom
800,Homem,35, solteiro,desempregado/não qualificado - não residente,...<1ano,Sim,Bom
801,Homem,54, solteiro,funcionário/funcionário qualificado,> 7,Sim,Bom
802,Mulher,48,uniao registrada,não qualificado - residente,> 7,Sim,Bom
803,Mulher,24,uniao registrada,funcionário/funcionário qualificado,> 7,Sim,Bom
804,Homem,35, solteiro,funcionário/funcionário qualificado,> 7,Sim,Bom
805,Mulher,24,uniao registrada,desempregado/não qualificado - não residente,desempregado,Sim,Bom
806,Homem,24, solteiro,funcionário/funcionário qualificado,4 - 7,Sim,Ruim
807,Homem,26,uniao registrada,não qualificado - residente,...<1ano,Não,Bom
808,Homem,65, solteiro,funcionário/funcionário qualificado,> 7,Sim,Bom
809,Homem,55, solteiro,gestão / autônomo / funcionário / diretor altamente qualificado,desempregado,Sim,Bom
810,Mulher,26,uniao registrada,desempregado/não qualificado - não residente,...<1ano,Sim,Ruim
811,Homem,26,uniao registrada,funcionário/funcionário qualificado,...<1ano,Sim,Bom
812,Homem,28,uniao registrada,não qualificado - residente,4 - 7,Sim,Bom
813,Homem,24, solteiro,funcionário/funcionário qualificado,4 - 7,Sim,Ruim
814,Homem,54, solteiro,funcionário/funcionário qualificado,1 - 4,Sim,Ruim
815,Homem,46, solteiro,funcionário/funcionário qualificado,4 - 7,Sim,Ruim
816,Mulher,54,uniao registrada,funcionário/funcionário qualificado,1 - 4,Sim,Bom
817,Homem,62,uniao registrada,funcionário/funcionário qualificado,1 - 4,Sim,Bom
818,Mulher,24,uniao registrada,funcionário/funcionário qualificado,4 - 7,Sim,Bom
819,Homem,43,uniao registrada,gestão / autônomo / funcionário / diretor altamente qualificado,desempregado,Sim,Bom
820,Homem,26,uniao registrada,funcionário/funcionário qualificado,1 - 4,Sim,Ruim
821,Homem,27,uniao registrada,funcionário/funcionário qualificado,1 - 4,Sim,Bom
822,Homem,24,uniao registrada,funcionário/funcionário qualificado,1 - 4,Sim,Bom
823,Homem,41, solteiro,funcionário/funcionário qualificado,> 7,Sim,Ruim
824,Homem,47, solteiro,não qualificado - residente,> 7,Sim,Bom
825,Homem,35,uniao registrada,gestão / autônomo / funcionário / diretor altamente qualificado,...<1ano,Sim,Bom
826,Homem,30,uniao registrada,funcionário/funcionário qualificado,> 7,Sim,Bom
827,Mulher,33,uniao registrada,funcionário/funcionário qualificado,> 7,Sim,Ruim
828,Homem,36, solteiro,funcionário/funcionário qualificado,1 - 4,Sim,Ruim
829,Homem,47, solteiro,funcionário/funcionário qualificado,> 7,Sim,Ruim
830,Homem,38, solteiro,funcionário/funcionário qualificado,1 - 4,Sim,Bom
831,Homem,44, solteiro,funcionário/funcionário qualificado,1 - 4,Sim,Bom
832,Mulher,23,uniao registrada,funcionário/funcionário qualificado,...<1ano,Sim,Ruim
833,Homem,29, solteiro,funcionário/funcionário qualificado,> 7,Sim,Ruim
834,Mulher,42,uniao registrada,funcionário/funcionário qualificado,> 7,Sim,Bom
835,Mulher,25,uniao registrada,não qualificado - residente,...<1ano,Sim,Ruim
836,Homem,48, solteiro,funcionário/funcionário qualificado,1 - 4,Sim,Ruim
837,Mulher,21,uniao registrada,funcionário/funcionário qualificado,1 - 4,Sim,Bom
838,Mulher,23,uniao registrada,não qualificado - residente,...<1ano,Sim,Bom
839,Homem,63, solteiro,funcionário/funcionário qualificado,> 7,Sim,Bom
840,Homem,46,uniao registrada,funcionário/funcionário qualificado,> 7,Sim,Bom
841,Homem,29, solteiro,funcionário/funcionário qualificado,4 - 7,Sim,Ruim
842,Homem,28, solteiro,não qualificado - residente,1 - 4,Sim,Bom
843,Mulher,23,uniao registrada,funcionário/funcionário qualificado,...<1ano,Sim,Ruim
844,Homem,50, solteiro,funcionário/funcionário qualificado,4 - 7,Sim,Bom
845,Homem,47, solteiro,funcionário/funcionário qualificado,> 7,Sim,Bom
846,Homem,35, solteiro,funcionário/funcionário qualificado,4 - 7,Sim,Bom
847,Homem,68, solteiro,funcionário/funcionário qualificado,1 - 4,Sim,Ruim
848,Homem,28,uniao registrada,funcionário/funcionário qualificado,...<1ano,Sim,Bom
849,Homem,59, solteiro,funcionário/funcionário qualificado,4 - 7,Sim,Bom
850,Homem,57, solteiro,não qualificado - residente,> 7,Sim,Ruim
851,Homem,33,uniao registrada,funcionário/funcionário qualificado,1 - 4,Não,Ruim
852,Homem,43, solteiro,funcionário/funcionário qualificado,4 - 7,Sim,Bom
853,Homem,35, solteiro,funcionário/funcionário qualificado,1 - 4,Sim,Bom
854,Homem,32, solteiro,não qualificado - residente,4 - 7,Sim,Ruim
855,Homem,45, solteiro,funcionário/funcionário qualificado,> 7,Sim,Bom
856,Homem,33,uniao registrada,funcionário/funcionário qualificado,...<1ano,Sim,Bom
857,Mulher,40,uniao registrada,funcionário/funcionário qualificado,4 - 7,Sim,Bom
858,Homem,28, solteiro,funcionário/funcionário qualificado,1 - 4,Sim,Bom
859,Mulher,29,uniao registrada,funcionário/funcionário qualificado,1 - 4,Sim,Ruim
860,Homem,26, solteiro,funcionário/funcionário qualificado,1 - 4,Não,Bom
861,Homem,27, solteiro,funcionário/funcionário qualificado,1 - 4,Sim,Bom
862,Homem,28,uniao registrada,funcionário/funcionário qualificado,1 - 4,Sim,Ruim
863,Mulher,35,uniao registrada,funcionário/funcionário qualificado,...<1ano,Sim,Ruim
864,Homem,32, solteiro,não qualificado - residente,...<1ano,Sim,Bom
865,Homem,25, solteiro,não qualificado - residente,1 - 4,Sim,Ruim
866,Mulher,20,uniao registrada,funcionário/funcionário qualificado,1 - 4,Sim,Bom
867,Mulher,27,uniao registrada,funcionário/funcionário qualificado,...<1ano,Sim,Bom
868,Homem,42, solteiro,funcionário/funcionário qualificado,> 7,Sim,Bom
869,Homem,37, solteiro,funcionário/funcionário qualificado,> 7,Sim,Bom
870,Mulher,24,uniao registrada,funcionário/funcionário qualificado,> 7,Sim,Bom
871,Mulher,40,uniao registrada,funcionário/funcionário qualificado,4 - 7,Sim,Bom
872,Homem,46, solteiro,funcionário/funcionário qualificado,> 7,Não,Bom
873,Homem,26, solteiro,funcionário/funcionário qualificado,4 - 7,Sim,Bom
874,Mulher,24,uniao registrada,funcionário/funcionário qualificado,...<1ano,Sim,Bom
875,Homem,29, solteiro,não qualificado - residente,1 - 4,Sim,Bom
876,Mulher,40,uniao registrada,funcionário/funcionário qualificado,1 - 4,Sim,Bom
877,Homem,36, solteiro,gestão / autônomo / funcionário / diretor altamente qualificado,...<1ano,Sim,Bom
878,Homem,28, solteiro,funcionário/funcionário qualificado,> 7,Sim,Bom
879,Homem,27, solteiro,gestão / autônomo / funcionário / diretor altamente qualificado,...<1ano,Sim,Ruim
880,Homem,36, solteiro,funcionário/funcionário qualificado,4 - 7,Sim,Bom
881,Homem,38, solteiro,gestão / autônomo / funcionário / diretor altamente qualificado,4 - 7,Sim,Bom
882,Homem,48,uniao registrada,funcionário/funcionário qualificado,1 - 4,Sim,Bom
883,Homem,36, solteiro,funcionário/funcionário qualificado,> 7,Sim,Bom
884,Mulher,65,uniao registrada,desempregado/não qualificado - não residente,desempregado,Sim,Bom
885,Homem,43,uniao registrada,funcionário/funcionário qualificado,4 - 7,Sim,Ruim
886,Mulher,53,uniao registrada,funcionário/funcionário qualificado,...<1ano,Sim,Ruim
887,Homem,34, solteiro,funcionário/funcionário qualificado,4 - 7,Sim,Bom
888,Homem,23, solteiro,funcionário/funcionário qualificado,1 - 4,Sim,Ruim
889,Homem,34, solteiro,gestão / autônomo / funcionário / diretor altamente qualificado,> 7,Sim,Bom
890,Homem,40, solteiro,funcionário/funcionário qualificado,...<1ano,Sim,Bom
891,Homem,43, solteiro,gestão / autônomo / funcionário / diretor altamente qualificado,> 7,Sim,Bom
892,Homem,46, solteiro,funcionário/funcionário qualificado,> 7,Sim,Bom
893,Homem,38, solteiro,não qualificado - residente,1 - 4,Não,Bom
894,Homem,34, solteiro,funcionário/funcionário qualificado,1 - 4,Sim,Bom
895,Homem,29, solteiro,funcionário/funcionário qualificado,1 - 4,Sim,Bom
896,Homem,31, solteiro,gestão / autônomo / funcionário / diretor altamente qualificado,4 - 7,Sim,Bom
897,Mulher,28,uniao registrada,gestão / autônomo / funcionário / diretor altamente qualificado,...<1ano,Sim,Bom
898,Mulher,35,uniao registrada,funcionário/funcionário qualificado,4 - 7,Não,Bom
899,Mulher,33,uniao registrada,não qualificado - residente,4 - 7,Sim,Bom
900,Homem,42, solteiro,funcionário/funcionário qualificado,1 - 4,Sim,Ruim
901,Homem,43, solteiro,funcionário/funcionário qualificado,> 7,Sim,Ruim
902,Homem,44,uniao registrada,funcionário/funcionário qualificado,...<1ano,Sim,Bom
903,Homem,42, solteiro,funcionário/funcionário qualificado,> 7,Sim,Bom
904,Homem,40,uniao registrada,funcionário/funcionário qualificado,1 - 4,Sim,Bom
905,Homem,36, solteiro,gestão / autônomo / funcionário / diretor altamente qualificado,> 7,Sim,Bom
906,Homem,20, solteiro,gestão / autônomo / funcionário / diretor altamente qualificado,1 - 4,Sim,Bom
907,Homem,24, solteiro,não qualificado - residente,4 - 7,Não,Bom
908,Homem,27,uniao registrada,funcionário/funcionário qualificado,1 - 4,Sim,Bom
909,Mulher,46,uniao registrada,não qualificado - residente,...<1ano,Sim,Bom
910,Mulher,33,uniao registrada,não qualificado - residente,1 - 4,Sim,Bom
911,Mulher,34,uniao registrada,funcionário/funcionário qualificado,1 - 4,Sim,Bom
912,Mulher,25,uniao registrada,não qualificado - residente,...<1ano,Sim,Ruim
913,Mulher,25,uniao registrada,funcionário/funcionário qualificado,> 7,Sim,Bom
914,Homem,28,uniao registrada,funcionário/funcionário qualificado,> 7,Sim,Bom
915,Homem,31, solteiro,funcionário/funcionário qualificado,1 - 4,Sim,Ruim
916,Mulher,32,uniao registrada,gestão / autônomo / funcionário / diretor altamente qualificado,1 - 4,Não,Ruim
917,Homem,32, solteiro,funcionário/funcionário qualificado,1 - 4,Sim,Bom
918,Homem,68, solteiro,gestão / autônomo / funcionário / diretor altamente qualificado,> 7,Sim,Ruim
919,Homem,33,uniao registrada,funcionário/funcionário qualificado,desempregado,Sim,Ruim
920,Homem,39, solteiro,gestão / autônomo / funcionário / diretor altamente qualificado,> 7,Sim,Ruim
921,Mulher,28,uniao registrada,funcionário/funcionário qualificado,1 - 4,Sim,Bom
922,Homem,37, solteiro,gestão / autônomo / funcionário / diretor altamente qualificado,4 - 7,Sim,Bom
923,Mulher,22,uniao registrada,funcionário/funcionário qualificado,...<1ano,Sim,Ruim
924,Homem,30, solteiro,funcionário/funcionário qualificado,4 - 7,Sim,Bom
925,Homem,55,uniao registrada,funcionário/funcionário qualificado,...<1ano,Sim,Ruim
926,Homem,46, solteiro,funcionário/funcionário qualificado,...<1ano,Sim,Ruim
927,Mulher,21,uniao registrada,funcionário/funcionário qualificado,...<1ano,Sim,Bom
928,Homem,39, solteiro,funcionário/funcionário qualificado,4 - 7,Sim,Ruim
929,Homem,58, solteiro,funcionário/funcionário qualificado,> 7,Sim,Bom
930,Homem,43, solteiro,não qualificado - residente,1 - 4,Sim,Bom
931,Homem,24, solteiro,não qualificado - residente,...<1ano,Não,Bom
932,Mulher,22,uniao registrada,funcionário/funcionário qualificado,...<1ano,Sim,Ruim
933,Homem,30, solteiro,funcionário/funcionário qualificado,1 - 4,Sim,Bom
934,Homem,42, solteiro,funcionário/funcionário qualificado,> 7,Sim,Bom
935,Mulher,23,uniao registrada,funcionário/funcionário qualificado,1 - 4,Sim,Bom
936,Homem,30, solteiro,gestão / autônomo / funcionário / diretor altamente qualificado,...<1ano,Sim,Ruim
937,Mulher,28,uniao registrada,não qualificado - residente,1 - 4,Sim,Ruim
938,Homem,30,uniao registrada,gestão / autônomo / funcionário / diretor altamente qualificado,...<1ano,Sim,Bom
939,Homem,42, solteiro,funcionário/funcionário qualificado,1 - 4,Sim,Ruim
940,Homem,46, solteiro,gestão / autônomo / funcionário / diretor altamente qualificado,1 - 4,Sim,Bom
941,Homem,45, solteiro,gestão / autônomo / funcionário / diretor altamente qualificado,...<1ano,Sim,Bom
942,Homem,31, solteiro,não qualificado - residente,1 - 4,Não,Bom
943,Homem,31, solteiro,funcionário/funcionário qualificado,4 - 7,Sim,Bom
944,Homem,42, solteiro,não qualificado - residente,4 - 7,Sim,Bom
945,Mulher,46,uniao registrada,funcionário/funcionário qualificado,...<1ano,Sim,Bom
946,Mulher,30,uniao registrada,funcionário/funcionário qualificado,...<1ano,Sim,Bom
947,Homem,30, solteiro,funcionário/funcionário qualificado,...<1ano,Sim,Ruim
948,Homem,38, solteiro,gestão / autônomo / funcionário / diretor altamente qualificado,desempregado,Sim,Bom
949,Homem,43,uniao registrada,não qualificado - residente,...<1ano,Sim,Ruim
950,Homem,31, solteiro,funcionário/funcionário qualificado,> 7,Sim,Ruim
951,Homem,40,uniao registrada,desempregado/não qualificado - não residente,desempregado,Sim,Bom
952,Homem,24, solteiro,funcionário/funcionário qualificado,4 - 7,Sim,Ruim
953,Mulher,28,uniao registrada,funcionário/funcionário qualificado,...<1ano,Sim,Ruim
954,Mulher,26,uniao registrada,gestão / autônomo / funcionário / diretor altamente qualificado,desempregado,Sim,Ruim
955,Mulher,29,uniao registrada,funcionário/funcionário qualificado,1 - 4,Sim,Bom
956,Mulher,57,uniao registrada,gestão / autônomo / funcionário / diretor altamente qualificado,> 7,Sim,Bom
957,Homem,49, solteiro,não qualificado - residente,> 7,Sim,Bom
958,Homem,37, solteiro,não qualificado - residente,> 7,Sim,Bom
959,Homem,45, solteiro,não qualificado - residente,1 - 4,Sim,Ruim
960,Homem,30, solteiro,funcionário/funcionário qualificado,> 7,Sim,Bom
961,Homem,30,uniao registrada,funcionário/funcionário qualificado,> 7,Sim,Bom
962,Homem,47,uniao registrada,funcionário/funcionário qualificado,1 - 4,Sim,Bom
963,Homem,29, solteiro,funcionário/funcionário qualificado,1 - 4,Sim,Bom
964,Homem,35, solteiro,funcionário/funcionário qualificado,> 7,Sim,Ruim
965,Homem,22,uniao registrada,não qualificado - residente,...<1ano,Sim,Bom
966,Mulher,26,uniao registrada,funcionário/funcionário qualificado,1 - 4,Sim,Bom
967,Homem,23, solteiro,não qualificado - residente,1 - 4,Sim,Ruim
968,Mulher,54,uniao registrada,gestão / autônomo / funcionário / diretor altamente qualificado,> 7,Sim,Bom
969,Homem,29,uniao registrada,funcionário/funcionário qualificado,4 - 7,Sim,Bom
970,Homem,40, solteiro,não qualificado - residente,1 - 4,Sim,Bom
971,Homem,22, solteiro,funcionário/funcionário qualificado,1 - 4,Sim,Bom
972,Homem,43, solteiro,não qualificado - residente,1 - 4,Sim,Bom
973,Mulher,29,uniao registrada,desempregado/não qualificado - não residente,desempregado,Sim,Ruim
974,Homem,36, solteiro,funcionário/funcionário qualificado,> 7,Sim,Ruim
975,Mulher,33,uniao registrada,funcionário/funcionário qualificado,1 - 4,Sim,Bom
976,Mulher,57,uniao registrada,não qualificado - residente,1 - 4,Sim,Bom
977,Mulher,64,uniao registrada,funcionário/funcionário qualificado,1 - 4,Sim,Bom
978,Homem,42, solteiro,funcionário/funcionário qualificado,> 7,Sim,Bom
979,Homem,47, solteiro,não qualificado - residente,> 7,Sim,Ruim
980,Homem,25,uniao registrada,funcionário/funcionário qualificado,1 - 4,Sim,Ruim
981,Homem,49, solteiro,funcionário/funcionário qualificado,4 - 7,Sim,Ruim
982,Homem,33, solteiro,gestão / autônomo / funcionário / diretor altamente qualificado,desempregado,Sim,Ruim
983,Mulher,28,uniao registrada,gestão / autônomo / funcionário / diretor altamente qualificado,1 - 4,Sim,Bom
984,Homem,26, solteiro,funcionário/funcionário qualificado,1 - 4,Sim,Ruim
985,Homem,30, solteiro,não qualificado - residente,4 - 7,Sim,Bom
986,Mulher,25,uniao registrada,funcionário/funcionário qualificado,1 - 4,Sim,Bom
987,Homem,33,uniao registrada,funcionário/funcionário qualificado,...<1ano,Sim,Bom
988,Mulher,64,uniao registrada,funcionário/funcionário qualificado,desempregado,Sim,Bom
989,Homem,29, solteiro,gestão / autônomo / funcionário / diretor altamente qualificado,desempregado,Sim,Bom
990,Homem,48, solteiro,não qualificado - residente,> 7,Sim,Bom
991,Homem,37, solteiro,não qualificado - residente,...<1ano,Sim,Bom
992,Homem,34, solteiro,não qualificado - residente,> 7,Sim,Bom
993,Homem,23,uniao registrada,não qualificado - residente,4 - 7,Sim,Bom
994,Homem,30, solteiro,gestão / autônomo / funcionário / diretor altamente qualificado,desempregado,Sim,Bom
995,Homem,50, solteiro,funcionário/funcionário qualificado,> 7,Sim,Bom
996,Mulher,31,uniao registrada,não qualificado - residente,4 - 7,Sim,Bom
997,Homem,40,uniao registrada,gestão / autônomo / funcionário / diretor altamente qualificado,1 - 4,Sim,Bom
998,Homem,38, solteiro,funcionário/funcionário qualificado,> 7,Sim,Bom
999,Homem,23, solteiro,funcionário/funcionário qualificado,1 - 4,Sim,Ruim
1000,Homem,27, solteiro,funcionário/funcionário qualificado,desempregado,Sim,Bom
