"","ID","status_conta","duracao_mes","hist_credito","qtdd_credito","percen_tx_rendim_disp","dev_fiadores","outros_par","n_creditos","classe"
"1",1,"Negativo",6,"Pendente (outros bancos)",1169,4,"nenhum","nenhum",2,"Bom"
"2",2,"Regular",48,"Pago em dia",5951,2,"nenhum","nenhum",1,"Ruim"
"3",3,"Inexistente",12,"Pendente (outros bancos)",2096,2,"nenhum","nenhum",1,"Bom"
"4",4,"Negativo",42,"Pago em dia",7882,2,"fiador","nenhum",1,"Bom"
"5",5,"Negativo",24,"Pago mas já esteve em atraso",4870,3,"nenhum","nenhum",2,"Ruim"
"6",6,"Inexistente",36,"Pago em dia",9055,2,"nenhum","nenhum",1,"Bom"
"7",7,"Inexistente",24,"Pago em dia",2835,3,"nenhum","nenhum",1,"Bom"
"8",8,"Regular",36,"Pago em dia",6948,2,"nenhum","nenhum",1,"Bom"
"9",9,"Inexistente",12,"Pago em dia",3059,2,"nenhum","nenhum",1,"Bom"
"10",10,"Regular",30,"Pendente (outros bancos)",5234,4,"nenhum","nenhum",2,"Ruim"
"11",11,"Regular",12,"Pago em dia",1295,3,"nenhum","nenhum",1,"Ruim"
"12",12,"Negativo",48,"Pago em dia",4308,3,"nenhum","nenhum",1,"Ruim"
"13",13,"Regular",12,"Pago em dia",1567,1,"nenhum","nenhum",1,"Bom"
"14",14,"Negativo",24,"Pendente (outros bancos)",1199,4,"nenhum","nenhum",2,"Ruim"
"15",15,"Negativo",15,"Pago em dia",1403,2,"nenhum","nenhum",1,"Bom"
"16",16,"Negativo",24,"Pago em dia",1282,4,"nenhum","nenhum",1,"Ruim"
"17",17,"Inexistente",24,"Pendente (outros bancos)",2424,4,"nenhum","nenhum",2,"Bom"
"18",18,"Negativo",30,"Quitados",8072,2,"nenhum","banco",3,"Bom"
"19",19,"Regular",24,"Pago em dia",12579,4,"nenhum","nenhum",1,"Ruim"
"20",20,"Inexistente",24,"Pago em dia",3430,3,"nenhum","nenhum",1,"Bom"
"21",21,"Inexistente",9,"Pendente (outros bancos)",2134,4,"nenhum","nenhum",3,"Bom"
"22",22,"Negativo",6,"Pago em dia",2647,2,"nenhum","nenhum",1,"Bom"
"23",23,"Negativo",10,"Pendente (outros bancos)",2241,1,"nenhum","nenhum",2,"Bom"
"24",24,"Regular",12,"Pendente (outros bancos)",1804,3,"nenhum","nenhum",1,"Bom"
"25",25,"Inexistente",10,"Pendente (outros bancos)",2069,2,"nenhum","nenhum",2,"Bom"
"26",26,"Negativo",6,"Pago em dia",1374,1,"nenhum","banco",1,"Bom"
"27",27,"Inexistente",6,"Quitados",426,4,"nenhum","nenhum",1,"Bom"
"28",28,"Alto",12,"Quitados",409,3,"nenhum","nenhum",2,"Bom"
"29",29,"Regular",7,"Pago em dia",2415,3,"fiador","nenhum",1,"Bom"
"30",30,"Negativo",60,"Pago mas já esteve em atraso",6836,3,"nenhum","nenhum",2,"Ruim"
"31",31,"Regular",18,"Pago em dia",1913,3,"nenhum","banco",1,"Bom"
"32",32,"Negativo",24,"Pago em dia",4020,2,"nenhum","lojas",1,"Bom"
"33",33,"Regular",18,"Pago em dia",5866,2,"nenhum","nenhum",2,"Bom"
"34",34,"Inexistente",12,"Pendente (outros bancos)",1264,4,"nenhum","nenhum",1,"Bom"
"35",35,"Alto",12,"Pago em dia",1474,4,"nenhum","banco",1,"Bom"
"36",36,"Regular",45,"Pendente (outros bancos)",4746,4,"nenhum","nenhum",2,"Ruim"
"37",37,"Inexistente",48,"Pendente (outros bancos)",6110,1,"nenhum","banco",1,"Bom"
"38",38,"Alto",18,"Pago em dia",2100,4,"co-requerente","lojas",1,"Ruim"
"39",39,"Alto",10,"Pago em dia",1225,2,"nenhum","nenhum",1,"Bom"
"40",40,"Regular",9,"Pago em dia",458,4,"nenhum","nenhum",1,"Bom"
"41",41,"Inexistente",30,"Pago em dia",2333,4,"nenhum","banco",1,"Bom"
"42",42,"Regular",12,"Pago em dia",1158,3,"nenhum","nenhum",1,"Bom"
"43",43,"Regular",18,"Pago mas já esteve em atraso",6204,2,"nenhum","nenhum",1,"Bom"
"44",44,"Negativo",30,"Pendente (outros bancos)",6187,1,"nenhum","nenhum",2,"Bom"
"45",45,"Negativo",48,"Pendente (outros bancos)",6143,4,"nenhum","lojas",2,"Ruim"
"46",46,"Inexistente",11,"Pendente (outros bancos)",1393,4,"nenhum","nenhum",2,"Bom"
"47",47,"Inexistente",36,"Pago em dia",2299,4,"nenhum","nenhum",1,"Bom"
"48",48,"Negativo",6,"Pago em dia",1352,1,"nenhum","nenhum",1,"Bom"
"49",49,"Inexistente",11,"Pendente (outros bancos)",7228,1,"nenhum","nenhum",2,"Bom"
"50",50,"Inexistente",12,"Pago em dia",2073,4,"co-requerente","nenhum",1,"Bom"
"51",51,"Regular",24,"Pago mas já esteve em atraso",2333,4,"nenhum","banco",1,"Bom"
"52",52,"Regular",27,"Pago mas já esteve em atraso",5965,1,"nenhum","nenhum",2,"Bom"
"53",53,"Inexistente",12,"Pago em dia",1262,3,"nenhum","nenhum",1,"Bom"
"54",54,"Inexistente",18,"Pago em dia",3378,2,"nenhum","nenhum",1,"Bom"
"55",55,"Regular",36,"Pago mas já esteve em atraso",2225,4,"nenhum","banco",2,"Ruim"
"56",56,"Inexistente",6,"Quitados",783,1,"fiador","lojas",1,"Bom"
"57",57,"Regular",12,"Pago em dia",6468,2,"nenhum","nenhum",1,"Ruim"
"58",58,"Inexistente",36,"Pendente (outros bancos)",9566,2,"nenhum","lojas",2,"Bom"
"59",59,"Alto",18,"Pago em dia",1961,3,"nenhum","nenhum",1,"Bom"
"60",60,"Negativo",36,"Pendente (outros bancos)",6229,4,"co-requerente","nenhum",2,"Ruim"
"61",61,"Regular",9,"Pago em dia",1391,2,"nenhum","banco",1,"Bom"
"62",62,"Regular",15,"Pendente (outros bancos)",1537,4,"fiador","nenhum",2,"Bom"
"63",63,"Regular",36,"Quitados",1953,4,"nenhum","nenhum",1,"Ruim"
"64",64,"Regular",48,"Quitados",14421,2,"nenhum","nenhum",1,"Ruim"
"65",65,"Inexistente",24,"Pago em dia",3181,4,"nenhum","nenhum",1,"Bom"
"66",66,"Inexistente",27,"Pago em dia",5190,4,"nenhum","nenhum",4,"Bom"
"67",67,"Inexistente",12,"Pago em dia",2171,2,"nenhum","banco",1,"Bom"
"68",68,"Regular",12,"Pago em dia",1007,4,"nenhum","nenhum",1,"Bom"
"69",69,"Inexistente",36,"Pago em dia",1819,4,"nenhum","lojas",1,"Ruim"
"70",70,"Inexistente",36,"Pago em dia",2394,4,"nenhum","nenhum",1,"Bom"
"71",71,"Inexistente",36,"Pago em dia",8133,1,"nenhum","banco",1,"Bom"
"72",72,"Inexistente",7,"Pendente (outros bancos)",730,4,"nenhum","nenhum",2,"Bom"
"73",73,"Negativo",8,"Pendente (outros bancos)",1164,3,"nenhum","banco",2,"Bom"
"74",74,"Regular",42,"Pendente (outros bancos)",5954,2,"nenhum","banco",2,"Bom"
"75",75,"Negativo",36,"Pago em dia",1977,4,"nenhum","nenhum",1,"Ruim"
"76",76,"Negativo",12,"Pendente (outros bancos)",1526,4,"nenhum","nenhum",2,"Bom"
"77",77,"Negativo",42,"Pago em dia",3965,4,"nenhum","nenhum",1,"Ruim"
"78",78,"Regular",11,"Pago mas já esteve em atraso",4771,2,"nenhum","nenhum",1,"Bom"
"79",79,"Inexistente",54,"Quitados",9436,2,"nenhum","nenhum",1,"Bom"
"80",80,"Regular",30,"Pago em dia",3832,2,"nenhum","nenhum",1,"Bom"
"81",81,"Inexistente",24,"Pago em dia",5943,1,"nenhum","nenhum",2,"Ruim"
"82",82,"Inexistente",15,"Pago em dia",1213,4,"nenhum","lojas",1,"Bom"
"83",83,"Inexistente",18,"Pago em dia",1568,3,"nenhum","nenhum",1,"Bom"
"84",84,"Negativo",24,"Pago em dia",1755,4,"fiador","nenhum",1,"Bom"
"85",85,"Negativo",10,"Pago em dia",2315,3,"nenhum","nenhum",1,"Bom"
"86",86,"Inexistente",12,"Pendente (outros bancos)",1412,4,"fiador","nenhum",2,"Bom"
"87",87,"Regular",18,"Pendente (outros bancos)",1295,4,"nenhum","nenhum",2,"Bom"
"88",88,"Regular",36,"Pago em dia",12612,1,"nenhum","nenhum",1,"Ruim"
"89",89,"Negativo",18,"Pago em dia",2249,4,"nenhum","nenhum",1,"Bom"
"90",90,"Negativo",12,"Quitados",1108,4,"nenhum","nenhum",2,"Ruim"
"91",91,"Inexistente",12,"Pendente (outros bancos)",618,4,"nenhum","nenhum",1,"Bom"
"92",92,"Negativo",12,"Pendente (outros bancos)",1409,4,"nenhum","nenhum",1,"Bom"
"93",93,"Inexistente",12,"Pendente (outros bancos)",797,4,"nenhum","banco",1,"Ruim"
"94",94,"Alto",24,"Pendente (outros bancos)",3617,4,"co-requerente","nenhum",2,"Bom"
"95",95,"Regular",12,"Pago em dia",1318,4,"nenhum","nenhum",1,"Bom"
"96",96,"Regular",54,"Quitados",15945,3,"nenhum","nenhum",1,"Ruim"
"97",97,"Inexistente",12,"Pendente (outros bancos)",2012,4,"nenhum","nenhum",1,"Bom"
"98",98,"Regular",18,"Pago em dia",2622,4,"nenhum","nenhum",1,"Bom"
"99",99,"Regular",36,"Pendente (outros bancos)",2337,4,"nenhum","nenhum",1,"Bom"
"100",100,"Regular",20,"Pago mas já esteve em atraso",7057,3,"nenhum","banco",2,"Bom"
"101",101,"Inexistente",24,"Pago em dia",1469,4,"nenhum","nenhum",1,"Bom"
"102",102,"Regular",36,"Pago em dia",2323,4,"nenhum","nenhum",1,"Bom"
"103",103,"Inexistente",6,"Pago mas já esteve em atraso",932,3,"nenhum","nenhum",1,"Bom"
"104",104,"Regular",9,"Pendente (outros bancos)",1919,4,"nenhum","nenhum",1,"Bom"
"105",105,"Inexistente",12,"Pago em dia",2445,2,"nenhum","nenhum",1,"Bom"
"106",106,"Regular",24,"Pendente (outros bancos)",11938,2,"co-requerente","nenhum",2,"Ruim"
"107",107,"Inexistente",18,"Quitados",6458,2,"nenhum","banco",2,"Ruim"
"108",108,"Regular",12,"Pago em dia",6078,2,"nenhum","nenhum",1,"Bom"
"109",109,"Negativo",24,"Pago em dia",7721,1,"nenhum","nenhum",1,"Bom"
"110",110,"Regular",14,"Pago em dia",1410,1,"nenhum","nenhum",1,"Bom"
"111",111,"Regular",6,"Pago mas já esteve em atraso",1449,1,"nenhum","banco",2,"Bom"
"112",112,"Alto",15,"Pago em dia",392,4,"nenhum","nenhum",1,"Bom"
"113",113,"Regular",18,"Pago em dia",6260,3,"nenhum","nenhum",1,"Bom"
"114",114,"Inexistente",36,"Pendente (outros bancos)",7855,4,"nenhum","lojas",2,"Ruim"
"115",115,"Negativo",12,"Pago em dia",1680,3,"nenhum","nenhum",1,"Bom"
"116",116,"Inexistente",48,"Pendente (outros bancos)",3578,4,"nenhum","nenhum",1,"Bom"
"117",117,"Negativo",42,"Pago em dia",7174,4,"nenhum","nenhum",1,"Ruim"
"118",118,"Negativo",10,"Pendente (outros bancos)",2132,2,"co-requerente","nenhum",2,"Bom"
"119",119,"Negativo",33,"Pendente (outros bancos)",4281,1,"nenhum","nenhum",2,"Ruim"
"120",120,"Regular",12,"Pendente (outros bancos)",2366,3,"nenhum","nenhum",1,"Bom"
"121",121,"Negativo",21,"Pago em dia",1835,3,"nenhum","nenhum",2,"Ruim"
"122",122,"Inexistente",24,"Pendente (outros bancos)",3868,4,"nenhum","nenhum",2,"Bom"
"123",123,"Inexistente",12,"Pago em dia",1768,3,"nenhum","nenhum",1,"Bom"
"124",124,"Alto",10,"Pendente (outros bancos)",781,4,"nenhum","nenhum",2,"Bom"
"125",125,"Regular",18,"Pago em dia",1924,4,"nenhum","nenhum",1,"Ruim"
"126",126,"Negativo",12,"Pendente (outros bancos)",2121,4,"nenhum","nenhum",2,"Bom"
"127",127,"Negativo",12,"Pago em dia",701,4,"nenhum","nenhum",1,"Bom"
"128",128,"Regular",12,"Pago em dia",639,4,"nenhum","nenhum",1,"Ruim"
"129",129,"Regular",12,"Pendente (outros bancos)",1860,4,"nenhum","nenhum",2,"Bom"
"130",130,"Negativo",12,"Pendente (outros bancos)",3499,3,"co-requerente","nenhum",2,"Ruim"
"131",131,"Regular",48,"Pago em dia",8487,1,"nenhum","nenhum",1,"Bom"
"132",132,"Negativo",36,"Pago mas já esteve em atraso",6887,4,"nenhum","lojas",1,"Ruim"
"133",133,"Inexistente",15,"Pago em dia",2708,2,"nenhum","banco",2,"Bom"
"134",134,"Inexistente",18,"Pago em dia",1984,4,"nenhum","banco",2,"Bom"
"135",135,"Inexistente",60,"Pago em dia",10144,2,"nenhum","nenhum",1,"Bom"
"136",136,"Inexistente",12,"Pendente (outros bancos)",1240,4,"nenhum","nenhum",2,"Bom"
"137",137,"Inexistente",27,"Pago mas já esteve em atraso",8613,2,"nenhum","nenhum",2,"Bom"
"138",138,"Regular",12,"Pago em dia",766,4,"nenhum","nenhum",1,"Ruim"
"139",139,"Regular",15,"Pendente (outros bancos)",2728,4,"fiador","banco",3,"Bom"
"140",140,"Alto",12,"Pago em dia",1881,2,"nenhum","nenhum",1,"Bom"
"141",141,"Alto",6,"Pago em dia",709,2,"nenhum","nenhum",1,"Bom"
"142",142,"Regular",36,"Pago em dia",4795,4,"nenhum","nenhum",1,"Bom"
"143",143,"Negativo",27,"Pago em dia",3416,3,"nenhum","nenhum",1,"Bom"
"144",144,"Negativo",18,"Pago em dia",2462,2,"nenhum","nenhum",1,"Ruim"
"145",145,"Inexistente",21,"Pendente (outros bancos)",2288,4,"nenhum","nenhum",1,"Bom"
"146",146,"Regular",48,"Quitados",3566,4,"nenhum","nenhum",1,"Bom"
"147",147,"Negativo",6,"Pendente (outros bancos)",860,1,"nenhum","nenhum",2,"Bom"
"148",148,"Inexistente",12,"Pendente (outros bancos)",682,4,"nenhum","nenhum",2,"Bom"
"149",149,"Negativo",36,"Pendente (outros bancos)",5371,3,"fiador","nenhum",2,"Bom"
"150",150,"Inexistente",18,"Pendente (outros bancos)",1582,4,"nenhum","nenhum",2,"Bom"
"151",151,"Inexistente",6,"Pago em dia",1346,2,"nenhum","banco",1,"Bom"
"152",152,"Inexistente",10,"Pago em dia",1924,1,"nenhum","nenhum",1,"Bom"
"153",153,"Alto",36,"Pago em dia",5848,4,"nenhum","nenhum",1,"Bom"
"154",154,"Regular",24,"Pendente (outros bancos)",7758,2,"nenhum","nenhum",1,"Bom"
"155",155,"Regular",24,"Pago mas já esteve em atraso",6967,4,"nenhum","nenhum",1,"Bom"
"156",156,"Negativo",12,"Pago em dia",1282,2,"nenhum","nenhum",1,"Ruim"
"157",157,"Negativo",9,"Pendente (outros bancos)",1288,3,"fiador","nenhum",2,"Bom"
"158",158,"Negativo",12,"Quitados",339,4,"nenhum","banco",1,"Bom"
"159",159,"Regular",24,"Pago em dia",3512,2,"nenhum","banco",2,"Bom"
"160",160,"Inexistente",6,"Pendente (outros bancos)",1898,1,"nenhum","nenhum",2,"Bom"
"161",161,"Inexistente",24,"Pendente (outros bancos)",2872,3,"nenhum","nenhum",1,"Bom"
"162",162,"Inexistente",18,"Pendente (outros bancos)",1055,4,"nenhum","nenhum",2,"Bom"
"163",163,"Inexistente",15,"Pago em dia",1262,4,"nenhum","nenhum",2,"Bom"
"164",164,"Regular",10,"Pago em dia",7308,2,"nenhum","banco",1,"Bom"
"165",165,"Inexistente",36,"Pago em dia",909,4,"nenhum","nenhum",1,"Bom"
"166",166,"Inexistente",6,"Pago em dia",2978,1,"nenhum","nenhum",1,"Bom"
"167",167,"Negativo",18,"Pago em dia",1131,4,"nenhum","nenhum",1,"Ruim"
"168",168,"Regular",11,"Pago em dia",1577,4,"nenhum","nenhum",1,"Bom"
"169",169,"Inexistente",24,"Pago em dia",3972,2,"nenhum","nenhum",1,"Bom"
"170",170,"Regular",24,"Pendente (outros bancos)",1935,4,"nenhum","nenhum",2,"Ruim"
"171",171,"Negativo",15,"Quitados",950,4,"nenhum","nenhum",2,"Ruim"
"172",172,"Inexistente",12,"Pago em dia",763,4,"nenhum","nenhum",1,"Bom"
"173",173,"Regular",24,"Pago mas já esteve em atraso",2064,3,"nenhum","nenhum",1,"Ruim"
"174",174,"Regular",8,"Pago em dia",1414,4,"fiador","nenhum",1,"Bom"
"175",175,"Negativo",21,"Pago mas já esteve em atraso",3414,2,"nenhum","nenhum",2,"Ruim"
"176",176,"Inexistente",30,"Quitados",7485,4,"nenhum","banco",1,"Ruim"
"177",177,"Negativo",12,"Pago em dia",2577,2,"nenhum","nenhum",1,"Bom"
"178",178,"Negativo",6,"Pendente (outros bancos)",338,4,"nenhum","nenhum",2,"Bom"
"179",179,"Inexistente",12,"Pago em dia",1963,4,"nenhum","nenhum",2,"Bom"
"180",180,"Negativo",21,"Pendente (outros bancos)",571,4,"nenhum","nenhum",2,"Bom"
"181",181,"Inexistente",36,"Pago mas já esteve em atraso",9572,1,"nenhum","nenhum",2,"Ruim"
"182",182,"Regular",36,"Pago mas já esteve em atraso",4455,2,"nenhum","lojas",2,"Ruim"
"183",183,"Negativo",21,"Quitados",1647,4,"nenhum","nenhum",2,"Ruim"
"184",184,"Inexistente",24,"Pendente (outros bancos)",3777,4,"nenhum","nenhum",1,"Bom"
"185",185,"Regular",18,"Pendente (outros bancos)",884,4,"nenhum","banco",1,"Ruim"
"186",186,"Inexistente",15,"Pendente (outros bancos)",1360,4,"nenhum","nenhum",2,"Bom"
"187",187,"Regular",9,"Quitados",5129,2,"nenhum","banco",1,"Ruim"
"188",188,"Regular",16,"Pendente (outros bancos)",1175,2,"nenhum","nenhum",3,"Bom"
"189",189,"Negativo",12,"Pago em dia",674,4,"nenhum","nenhum",1,"Ruim"
"190",190,"Regular",18,"Quitados",3244,1,"nenhum","banco",2,"Bom"
"191",191,"Inexistente",24,"Pago em dia",4591,2,"nenhum","nenhum",3,"Ruim"
"192",192,"Regular",48,"Quitados",3844,4,"nenhum","nenhum",1,"Ruim"
"193",193,"Regular",27,"Pago em dia",3915,4,"nenhum","nenhum",1,"Ruim"
"194",194,"Inexistente",6,"Pago em dia",2108,2,"nenhum","nenhum",1,"Bom"
"195",195,"Regular",45,"Pago em dia",3031,4,"fiador","nenhum",1,"Ruim"
"196",196,"Regular",9,"Pendente (outros bancos)",1501,2,"nenhum","nenhum",2,"Ruim"
"197",197,"Inexistente",6,"Pendente (outros bancos)",1382,1,"nenhum","nenhum",2,"Bom"
"198",198,"Regular",12,"Pago em dia",951,4,"nenhum","banco",4,"Ruim"
"199",199,"Regular",24,"Pago em dia",2760,4,"nenhum","banco",1,"Bom"
"200",200,"Regular",18,"Pago mas já esteve em atraso",4297,4,"nenhum","nenhum",1,"Ruim"
"201",201,"Inexistente",9,"Pendente (outros bancos)",936,4,"nenhum","nenhum",2,"Bom"
"202",202,"Negativo",12,"Pago em dia",1168,4,"nenhum","nenhum",1,"Bom"
"203",203,"Inexistente",27,"Pago mas já esteve em atraso",5117,3,"nenhum","nenhum",2,"Bom"
"204",204,"Negativo",12,"Pago em dia",902,4,"nenhum","nenhum",1,"Ruim"
"205",205,"Inexistente",12,"Pendente (outros bancos)",1495,4,"nenhum","nenhum",2,"Bom"
"206",206,"Negativo",30,"Pendente (outros bancos)",10623,3,"nenhum","nenhum",3,"Bom"
"207",207,"Inexistente",12,"Pendente (outros bancos)",1935,4,"nenhum","nenhum",3,"Bom"
"208",208,"Regular",12,"Pendente (outros bancos)",1424,4,"nenhum","nenhum",1,"Bom"
"209",209,"Negativo",24,"Pago em dia",6568,2,"nenhum","lojas",1,"Bom"
"210",210,"Inexistente",12,"Pago em dia",1413,3,"nenhum","nenhum",1,"Bom"
"211",211,"Inexistente",9,"Pendente (outros bancos)",3074,1,"nenhum","nenhum",2,"Bom"
"212",212,"Inexistente",36,"Pago em dia",3835,2,"nenhum","nenhum",1,"Bom"
"213",213,"Negativo",27,"Quitados",5293,2,"nenhum","lojas",2,"Ruim"
"214",214,"Alto",30,"Pago mas já esteve em atraso",1908,4,"nenhum","nenhum",1,"Ruim"
"215",215,"Inexistente",36,"Pendente (outros bancos)",3342,4,"nenhum","nenhum",1,"Bom"
"216",216,"Regular",6,"Pendente (outros bancos)",932,1,"nenhum","nenhum",2,"Bom"
"217",217,"Negativo",18,"Quitados",3104,3,"nenhum","banco",1,"Bom"
"218",218,"Alto",36,"Pago em dia",3913,2,"nenhum","nenhum",1,"Bom"
"219",219,"Negativo",24,"Pago em dia",3021,2,"nenhum","nenhum",1,"Bom"
"220",220,"Inexistente",10,"Pago em dia",1364,2,"nenhum","nenhum",1,"Bom"
"221",221,"Regular",12,"Pago em dia",625,4,"fiador","banco",1,"Bom"
"222",222,"Negativo",12,"Pago em dia",1200,4,"nenhum","banco",1,"Bom"
"223",223,"Inexistente",12,"Pago em dia",707,4,"nenhum","banco",2,"Bom"
"224",224,"Inexistente",24,"Pago mas já esteve em atraso",2978,4,"nenhum","nenhum",2,"Bom"
"225",225,"Inexistente",15,"Pago em dia",4657,3,"nenhum","nenhum",1,"Bom"
"226",226,"Inexistente",36,"Quitados",2613,4,"nenhum","nenhum",2,"Bom"
"227",227,"Regular",48,"Pago em dia",10961,1,"co-requerente","banco",2,"Ruim"
"228",228,"Negativo",12,"Pago em dia",7865,4,"nenhum","nenhum",1,"Ruim"
"229",229,"Inexistente",9,"Pago em dia",1478,4,"nenhum","nenhum",1,"Ruim"
"230",230,"Negativo",24,"Pago em dia",3149,4,"nenhum","banco",1,"Bom"
"231",231,"Alto",36,"Pago em dia",4210,4,"nenhum","nenhum",1,"Ruim"
"232",232,"Inexistente",9,"Pago em dia",2507,2,"nenhum","nenhum",1,"Bom"
"233",233,"Inexistente",12,"Pago em dia",2141,3,"nenhum","nenhum",1,"Bom"
"234",234,"Regular",18,"Pago em dia",866,4,"fiador","nenhum",1,"Bom"
"235",235,"Inexistente",4,"Pendente (outros bancos)",1544,2,"nenhum","nenhum",3,"Bom"
"236",236,"Negativo",24,"Pago em dia",1823,4,"nenhum","lojas",1,"Ruim"
"237",237,"Regular",6,"Pago em dia",14555,1,"nenhum","nenhum",1,"Ruim"
"238",238,"Regular",21,"Pago em dia",2767,4,"nenhum","banco",2,"Ruim"
"239",239,"Inexistente",12,"Pendente (outros bancos)",1291,4,"nenhum","nenhum",2,"Bom"
"240",240,"Negativo",30,"Pago em dia",2522,1,"fiador","nenhum",1,"Bom"
"241",241,"Negativo",24,"Pago em dia",915,4,"nenhum","banco",1,"Ruim"
"242",242,"Inexistente",6,"Pago em dia",1595,3,"nenhum","nenhum",1,"Bom"
"243",243,"Negativo",48,"Quitados",4605,3,"nenhum","nenhum",2,"Ruim"
"244",244,"Inexistente",12,"Pendente (outros bancos)",1185,3,"nenhum","nenhum",2,"Bom"
"245",245,"Inexistente",12,"Quitados",3447,4,"nenhum","nenhum",1,"Bom"
"246",246,"Inexistente",24,"Pago em dia",1258,4,"nenhum","nenhum",1,"Bom"
"247",247,"Inexistente",12,"Pendente (outros bancos)",717,4,"nenhum","nenhum",3,"Bom"
"248",248,"Inexistente",6,"Quitados",1204,4,"nenhum","banco",1,"Bom"
"249",249,"Alto",24,"Pago em dia",1925,2,"nenhum","nenhum",1,"Bom"
"250",250,"Inexistente",18,"Pago em dia",433,3,"co-requerente","nenhum",1,"Ruim"
"251",251,"Negativo",6,"Pendente (outros bancos)",666,3,"nenhum","nenhum",2,"Bom"
"252",252,"Alto",12,"Pago em dia",2251,1,"nenhum","nenhum",1,"Bom"
"253",253,"Regular",30,"Pago em dia",2150,4,"fiador","banco",1,"Ruim"
"254",254,"Inexistente",24,"Pago mas já esteve em atraso",4151,2,"nenhum","nenhum",2,"Bom"
"255",255,"Regular",9,"Pago em dia",2030,2,"nenhum","nenhum",1,"Bom"
"256",256,"Regular",60,"Pago mas já esteve em atraso",7418,1,"nenhum","nenhum",1,"Bom"
"257",257,"Inexistente",24,"Pendente (outros bancos)",2684,4,"nenhum","nenhum",2,"Bom"
"258",258,"Negativo",12,"Quitados",2149,4,"nenhum","nenhum",1,"Ruim"
"259",259,"Inexistente",15,"Pago em dia",3812,1,"nenhum","nenhum",1,"Bom"
"260",260,"Inexistente",11,"Pendente (outros bancos)",1154,4,"nenhum","nenhum",3,"Bom"
"261",261,"Negativo",12,"Pago em dia",1657,2,"nenhum","nenhum",1,"Bom"
"262",262,"Negativo",24,"Pago em dia",1603,4,"nenhum","nenhum",1,"Bom"
"263",263,"Negativo",18,"Pendente (outros bancos)",5302,2,"nenhum","nenhum",3,"Bom"
"264",264,"Inexistente",12,"Pendente (outros bancos)",2748,2,"nenhum","banco",3,"Bom"
"265",265,"Inexistente",10,"Pendente (outros bancos)",1231,3,"nenhum","nenhum",2,"Bom"
"266",266,"Regular",15,"Pago em dia",802,4,"nenhum","nenhum",1,"Ruim"
"267",267,"Inexistente",36,"Pendente (outros bancos)",6304,4,"nenhum","nenhum",2,"Bom"
"268",268,"Inexistente",24,"Pago em dia",1533,4,"nenhum","lojas",1,"Bom"
"269",269,"Negativo",14,"Pago em dia",8978,1,"nenhum","nenhum",1,"Ruim"
"270",270,"Inexistente",24,"Pago em dia",999,4,"nenhum","nenhum",2,"Bom"
"271",271,"Inexistente",18,"Pago em dia",2662,4,"nenhum","nenhum",1,"Bom"
"272",272,"Inexistente",12,"Pendente (outros bancos)",1402,3,"nenhum","nenhum",1,"Bom"
"273",273,"Regular",48,"Quitados",12169,4,"co-requerente","nenhum",1,"Bom"
"274",274,"Regular",48,"Pago em dia",3060,4,"nenhum","nenhum",2,"Ruim"
"275",275,"Negativo",30,"Pago em dia",11998,1,"nenhum","nenhum",1,"Ruim"
"276",276,"Inexistente",9,"Pago em dia",2697,1,"nenhum","nenhum",1,"Bom"
"277",277,"Inexistente",18,"Pendente (outros bancos)",2404,2,"nenhum","nenhum",2,"Bom"
"278",278,"Negativo",12,"Pago em dia",1262,2,"nenhum","nenhum",1,"Bom"
"279",279,"Inexistente",6,"Pago em dia",4611,1,"nenhum","nenhum",1,"Ruim"
"280",280,"Inexistente",24,"Pago em dia",1901,4,"nenhum","nenhum",1,"Bom"
"281",281,"Inexistente",15,"Pendente (outros bancos)",3368,3,"nenhum","nenhum",2,"Bom"
"282",282,"Inexistente",12,"Pago em dia",1574,4,"nenhum","nenhum",1,"Bom"
"283",283,"Alto",18,"Quitados",1445,4,"nenhum","banco",1,"Bom"
"284",284,"Inexistente",15,"Pendente (outros bancos)",1520,4,"nenhum","nenhum",1,"Bom"
"285",285,"Regular",24,"Pendente (outros bancos)",3878,4,"nenhum","nenhum",1,"Bom"
"286",286,"Negativo",47,"Pago em dia",10722,1,"nenhum","nenhum",1,"Bom"
"287",287,"Negativo",48,"Pago em dia",4788,4,"nenhum","nenhum",1,"Bom"
"288",288,"Regular",48,"Pago mas já esteve em atraso",7582,2,"nenhum","nenhum",1,"Bom"
"289",289,"Regular",12,"Pago em dia",1092,4,"fiador","nenhum",2,"Bom"
"290",290,"Negativo",24,"Pago mas já esteve em atraso",1024,4,"nenhum","lojas",1,"Ruim"
"291",291,"Inexistente",12,"Pago em dia",1076,2,"nenhum","nenhum",1,"Bom"
"292",292,"Regular",36,"Pago em dia",9398,1,"nenhum","nenhum",1,"Ruim"
"293",293,"Negativo",24,"Pendente (outros bancos)",6419,2,"nenhum","nenhum",2,"Bom"
"294",294,"Alto",42,"Pendente (outros bancos)",4796,4,"nenhum","nenhum",1,"Bom"
"295",295,"Inexistente",48,"Pendente (outros bancos)",7629,4,"nenhum","banco",2,"Bom"
"296",296,"Regular",48,"Pago em dia",9960,1,"nenhum","nenhum",1,"Ruim"
"297",297,"Inexistente",12,"Pago em dia",4675,1,"nenhum","nenhum",1,"Bom"
"298",298,"Inexistente",10,"Pago em dia",1287,4,"co-requerente","nenhum",1,"Bom"
"299",299,"Inexistente",18,"Pago em dia",2515,3,"nenhum","nenhum",1,"Bom"
"300",300,"Regular",21,"Pendente (outros bancos)",2745,3,"nenhum","nenhum",2,"Bom"
"301",301,"Inexistente",6,"Pago em dia",672,1,"nenhum","nenhum",1,"Bom"
"302",302,"Regular",36,"Quitados",3804,4,"nenhum","nenhum",1,"Ruim"
"303",303,"Alto",24,"Pendente (outros bancos)",1344,4,"nenhum","banco",2,"Ruim"
"304",304,"Negativo",10,"Pendente (outros bancos)",1038,4,"co-requerente","nenhum",2,"Bom"
"305",305,"Inexistente",48,"Pendente (outros bancos)",10127,2,"nenhum","banco",1,"Ruim"
"306",306,"Inexistente",6,"Pago em dia",1543,4,"nenhum","nenhum",1,"Bom"
"307",307,"Inexistente",30,"Pago em dia",4811,2,"nenhum","lojas",1,"Bom"
"308",308,"Negativo",12,"Pago em dia",727,4,"nenhum","nenhum",1,"Ruim"
"309",309,"Regular",8,"Pago em dia",1237,3,"nenhum","nenhum",1,"Ruim"
"310",310,"Regular",9,"Pago em dia",276,4,"nenhum","nenhum",1,"Bom"
"311",311,"Regular",48,"Pago em dia",5381,3,"nenhum","banco",1,"Bom"
"312",312,"Inexistente",24,"Pago em dia",5511,4,"nenhum","lojas",1,"Bom"
"313",313,"Alto",24,"Pago em dia",3749,2,"nenhum","nenhum",1,"Bom"
"314",314,"Regular",12,"Pago em dia",685,2,"nenhum","banco",1,"Ruim"
"315",315,"Alto",4,"Pago em dia",1494,1,"nenhum","nenhum",1,"Bom"
"316",316,"Negativo",36,"Quitados",2746,4,"nenhum","banco",1,"Ruim"
"317",317,"Negativo",12,"Pago em dia",708,2,"fiador","nenhum",1,"Bom"
"318",318,"Regular",24,"Pago em dia",4351,1,"nenhum","nenhum",1,"Bom"
"319",319,"Inexistente",12,"Pendente (outros bancos)",701,4,"nenhum","nenhum",2,"Bom"
"320",320,"Negativo",15,"Pago mas já esteve em atraso",3643,1,"nenhum","nenhum",2,"Bom"
"321",321,"Regular",30,"Pendente (outros bancos)",4249,4,"nenhum","nenhum",2,"Ruim"
"322",322,"Negativo",24,"Pago em dia",1938,4,"nenhum","nenhum",1,"Ruim"
"323",323,"Negativo",24,"Pago em dia",2910,2,"nenhum","nenhum",1,"Bom"
"324",324,"Negativo",18,"Pago em dia",2659,4,"nenhum","nenhum",1,"Bom"
"325",325,"Inexistente",18,"Pendente (outros bancos)",1028,4,"nenhum","nenhum",2,"Bom"
"326",326,"Negativo",8,"Pendente (outros bancos)",3398,1,"nenhum","nenhum",2,"Bom"
"327",327,"Inexistente",12,"Pendente (outros bancos)",5801,2,"nenhum","nenhum",1,"Bom"
"328",328,"Inexistente",24,"Pago em dia",1525,4,"nenhum","nenhum",1,"Bom"
"329",329,"Alto",36,"Pago em dia",4473,4,"nenhum","nenhum",1,"Bom"
"330",330,"Regular",6,"Pago em dia",1068,4,"nenhum","nenhum",1,"Bom"
"331",331,"Negativo",24,"Pendente (outros bancos)",6615,2,"nenhum","nenhum",2,"Bom"
"332",332,"Inexistente",18,"Pendente (outros bancos)",1864,4,"nenhum","nenhum",2,"Ruim"
"333",333,"Regular",60,"Pago em dia",7408,4,"nenhum","nenhum",1,"Ruim"
"334",334,"Inexistente",48,"Pendente (outros bancos)",11590,2,"nenhum","banco",2,"Ruim"
"335",335,"Negativo",24,"Quitados",4110,3,"nenhum","banco",2,"Ruim"
"336",336,"Negativo",6,"Pendente (outros bancos)",3384,1,"nenhum","nenhum",1,"Ruim"
"337",337,"Regular",13,"Pago em dia",2101,2,"fiador","nenhum",1,"Bom"
"338",338,"Negativo",15,"Pago em dia",1275,4,"nenhum","nenhum",1,"Ruim"
"339",339,"Negativo",24,"Pago em dia",4169,4,"nenhum","nenhum",1,"Bom"
"340",340,"Regular",10,"Pago em dia",1521,4,"nenhum","nenhum",1,"Bom"
"341",341,"Regular",24,"Pendente (outros bancos)",5743,2,"nenhum","nenhum",2,"Bom"
"342",342,"Negativo",21,"Pago em dia",3599,1,"nenhum","nenhum",1,"Bom"
"343",343,"Regular",18,"Pago em dia",3213,1,"nenhum","nenhum",1,"Bom"
"344",344,"Regular",18,"Pago em dia",4439,1,"co-requerente","banco",1,"Bom"
"345",345,"Alto",10,"Pago em dia",3949,1,"fiador","nenhum",1,"Bom"
"346",346,"Inexistente",15,"Pendente (outros bancos)",1459,4,"nenhum","nenhum",1,"Bom"
"347",347,"Regular",13,"Pendente (outros bancos)",882,4,"fiador","nenhum",2,"Bom"
"348",348,"Regular",24,"Pago em dia",3758,1,"nenhum","nenhum",1,"Bom"
"349",349,"Inexistente",6,"Pago mas já esteve em atraso",1743,1,"nenhum","nenhum",2,"Bom"
"350",350,"Regular",9,"Pendente (outros bancos)",1136,4,"nenhum","nenhum",2,"Ruim"
"351",351,"Inexistente",9,"Pago em dia",1236,1,"nenhum","nenhum",1,"Bom"
"352",352,"Regular",9,"Pago em dia",959,1,"nenhum","nenhum",1,"Ruim"
"353",353,"Inexistente",18,"Pendente (outros bancos)",3229,2,"nenhum","nenhum",1,"Bom"
"354",354,"Negativo",12,"Quitados",6199,4,"nenhum","nenhum",2,"Ruim"
"355",355,"Inexistente",10,"Pago em dia",727,4,"nenhum","nenhum",1,"Bom"
"356",356,"Regular",24,"Pago em dia",1246,4,"nenhum","lojas",1,"Ruim"
"357",357,"Inexistente",12,"Pendente (outros bancos)",2331,1,"co-requerente","nenhum",1,"Bom"
"358",358,"Inexistente",36,"Pago mas já esteve em atraso",4463,4,"nenhum","nenhum",2,"Ruim"
"359",359,"Inexistente",12,"Pago em dia",776,4,"nenhum","nenhum",1,"Bom"
"360",360,"Negativo",30,"Pago em dia",2406,4,"nenhum","nenhum",1,"Ruim"
"361",361,"Regular",18,"Pago em dia",1239,4,"nenhum","nenhum",1,"Bom"
"362",362,"Alto",12,"Pago em dia",3399,2,"nenhum","nenhum",1,"Bom"
"363",363,"Alto",12,"Pago mas já esteve em atraso",2247,2,"nenhum","lojas",2,"Bom"
"364",364,"Inexistente",6,"Pago em dia",1766,1,"nenhum","nenhum",1,"Bom"
"365",365,"Negativo",18,"Pago em dia",2473,4,"nenhum","nenhum",1,"Ruim"
"366",366,"Inexistente",12,"Pago em dia",1542,2,"nenhum","nenhum",1,"Bom"
"367",367,"Inexistente",18,"Pendente (outros bancos)",3850,3,"nenhum","nenhum",2,"Bom"
"368",368,"Negativo",18,"Pago em dia",3650,1,"nenhum","nenhum",1,"Bom"
"369",369,"Negativo",36,"Pago em dia",3446,4,"nenhum","nenhum",1,"Ruim"
"370",370,"Regular",18,"Pago em dia",3001,2,"nenhum","nenhum",1,"Bom"
"371",371,"Inexistente",36,"Pago em dia",3079,4,"nenhum","nenhum",1,"Bom"
"372",372,"Inexistente",18,"Pendente (outros bancos)",6070,3,"nenhum","nenhum",2,"Bom"
"373",373,"Inexistente",10,"Pendente (outros bancos)",2146,1,"nenhum","nenhum",2,"Bom"
"374",374,"Inexistente",60,"Pendente (outros bancos)",13756,2,"nenhum","banco",1,"Bom"
"375",375,"Regular",60,"Quitados",14782,3,"nenhum","banco",2,"Ruim"
"376",376,"Negativo",48,"Quitados",7685,2,"fiador","nenhum",1,"Ruim"
"377",377,"Inexistente",18,"Pago mas já esteve em atraso",2320,2,"nenhum","nenhum",2,"Bom"
"378",378,"Inexistente",7,"Pago mas já esteve em atraso",846,3,"nenhum","nenhum",1,"Bom"
"379",379,"Regular",36,"Pago em dia",14318,4,"nenhum","nenhum",1,"Ruim"
"380",380,"Inexistente",6,"Pendente (outros bancos)",362,4,"nenhum","nenhum",2,"Bom"
"381",381,"Negativo",20,"Pago em dia",2212,4,"nenhum","nenhum",1,"Bom"
"382",382,"Regular",18,"Pago em dia",12976,3,"nenhum","nenhum",1,"Ruim"
"383",383,"Inexistente",22,"Pago em dia",1283,4,"nenhum","nenhum",1,"Bom"
"384",384,"Alto",12,"Pago em dia",1330,4,"nenhum","nenhum",1,"Bom"
"385",385,"Inexistente",30,"Pago mas já esteve em atraso",4272,2,"nenhum","nenhum",2,"Bom"
"386",386,"Inexistente",18,"Pendente (outros bancos)",2238,2,"nenhum","nenhum",2,"Bom"
"387",387,"Inexistente",18,"Pago em dia",1126,4,"nenhum","nenhum",1,"Bom"
"388",388,"Regular",18,"Pendente (outros bancos)",7374,4,"nenhum","lojas",2,"Bom"
"389",389,"Regular",15,"Pendente (outros bancos)",2326,2,"nenhum","banco",1,"Bom"
"390",390,"Inexistente",9,"Pago em dia",1449,3,"nenhum","nenhum",2,"Bom"
"391",391,"Inexistente",18,"Pago em dia",1820,2,"nenhum","nenhum",1,"Bom"
"392",392,"Regular",12,"Pago em dia",983,1,"nenhum","nenhum",1,"Bom"
"393",393,"Negativo",36,"Pago em dia",3249,2,"nenhum","banco",1,"Bom"
"394",394,"Negativo",6,"Pendente (outros bancos)",1957,1,"nenhum","nenhum",1,"Bom"
"395",395,"Inexistente",9,"Pendente (outros bancos)",2406,2,"nenhum","nenhum",1,"Bom"
"396",396,"Regular",39,"Pago mas já esteve em atraso",11760,2,"nenhum","nenhum",1,"Bom"
"397",397,"Negativo",12,"Pago em dia",2578,3,"nenhum","nenhum",1,"Bom"
"398",398,"Negativo",36,"Pendente (outros bancos)",2348,3,"nenhum","nenhum",2,"Bom"
"399",399,"Regular",12,"Pago em dia",1223,1,"nenhum","nenhum",2,"Ruim"
"400",400,"Inexistente",24,"Pendente (outros bancos)",1516,4,"nenhum","nenhum",2,"Bom"
"401",401,"Inexistente",18,"Pago em dia",1473,3,"nenhum","nenhum",1,"Bom"
"402",402,"Regular",18,"Pendente (outros bancos)",1887,4,"nenhum","banco",2,"Bom"
"403",403,"Inexistente",24,"Pago mas já esteve em atraso",8648,2,"nenhum","banco",2,"Ruim"
"404",404,"Inexistente",14,"Pago mas já esteve em atraso",802,4,"nenhum","nenhum",2,"Bom"
"405",405,"Regular",18,"Pago mas já esteve em atraso",2899,4,"nenhum","nenhum",1,"Bom"
"406",406,"Regular",24,"Pago em dia",2039,1,"nenhum","nenhum",1,"Ruim"
"407",407,"Inexistente",24,"Pendente (outros bancos)",2197,4,"nenhum","nenhum",2,"Bom"
"408",408,"Negativo",15,"Pago em dia",1053,4,"nenhum","nenhum",1,"Bom"
"409",409,"Inexistente",24,"Pago em dia",3235,3,"nenhum","nenhum",1,"Bom"
"410",410,"Alto",12,"Pendente (outros bancos)",939,4,"nenhum","nenhum",3,"Ruim"
"411",411,"Regular",24,"Pago em dia",1967,4,"nenhum","nenhum",1,"Bom"
"412",412,"Inexistente",33,"Pendente (outros bancos)",7253,3,"nenhum","nenhum",2,"Bom"
"413",413,"Inexistente",12,"Pendente (outros bancos)",2292,4,"nenhum","lojas",2,"Ruim"
"414",414,"Inexistente",10,"Pago em dia",1597,3,"nenhum","nenhum",1,"Bom"
"415",415,"Negativo",24,"Pago em dia",1381,4,"nenhum","nenhum",1,"Ruim"
"416",416,"Inexistente",36,"Pendente (outros bancos)",5842,2,"nenhum","nenhum",2,"Bom"
"417",417,"Negativo",12,"Pago em dia",2579,4,"nenhum","nenhum",1,"Ruim"
"418",418,"Negativo",18,"Pago mas já esteve em atraso",8471,1,"nenhum","nenhum",2,"Bom"
"419",419,"Inexistente",21,"Pago em dia",2782,1,"nenhum","banco",1,"Bom"
"420",420,"Regular",18,"Pago em dia",1042,4,"nenhum","nenhum",1,"Ruim"
"421",421,"Inexistente",15,"Pago em dia",3186,2,"nenhum","nenhum",1,"Bom"
"422",422,"Regular",12,"Pago em dia",2028,4,"nenhum","nenhum",1,"Bom"
"423",423,"Regular",12,"Pendente (outros bancos)",958,2,"nenhum","nenhum",2,"Bom"
"424",424,"Inexistente",21,"Pago mas já esteve em atraso",1591,4,"nenhum","nenhum",2,"Bom"
"425",425,"Regular",12,"Pago em dia",2762,1,"nenhum","banco",1,"Ruim"
"426",426,"Regular",18,"Pago em dia",2779,1,"nenhum","nenhum",1,"Bom"
"427",427,"Inexistente",28,"Pendente (outros bancos)",2743,4,"nenhum","nenhum",2,"Bom"
"428",428,"Inexistente",18,"Pendente (outros bancos)",1149,4,"nenhum","nenhum",2,"Bom"
"429",429,"Inexistente",9,"Pago em dia",1313,1,"nenhum","nenhum",1,"Bom"
"430",430,"Negativo",18,"Pendente (outros bancos)",1190,2,"nenhum","nenhum",3,"Ruim"
"431",431,"Inexistente",5,"Pago em dia",3448,1,"nenhum","nenhum",1,"Bom"
"432",432,"Regular",24,"Pago em dia",11328,2,"co-requerente","banco",2,"Ruim"
"433",433,"Negativo",6,"Pendente (outros bancos)",1872,4,"nenhum","nenhum",3,"Bom"
"434",434,"Inexistente",24,"Pendente (outros bancos)",2058,4,"nenhum","nenhum",2,"Bom"
"435",435,"Negativo",9,"Pago em dia",2136,3,"nenhum","nenhum",1,"Bom"
"436",436,"Regular",12,"Pago em dia",1484,2,"nenhum","nenhum",1,"Ruim"
"437",437,"Inexistente",6,"Pago em dia",660,2,"nenhum","nenhum",1,"Bom"
"438",438,"Inexistente",24,"Pendente (outros bancos)",1287,4,"nenhum","nenhum",2,"Bom"
"439",439,"Negativo",42,"Pendente (outros bancos)",3394,4,"co-requerente","nenhum",2,"Bom"
"440",440,"Alto",12,"Quitados",609,4,"nenhum","nenhum",1,"Ruim"
"441",441,"Inexistente",12,"Pago em dia",1884,4,"nenhum","nenhum",1,"Bom"
"442",442,"Negativo",12,"Pago em dia",1620,2,"co-requerente","nenhum",1,"Bom"
"443",443,"Regular",20,"Pago mas já esteve em atraso",2629,2,"nenhum","banco",2,"Bom"
"444",444,"Inexistente",12,"Pago em dia",719,4,"nenhum","banco",1,"Ruim"
"445",445,"Regular",48,"Pendente (outros bancos)",5096,2,"nenhum","nenhum",1,"Ruim"
"446",446,"Inexistente",9,"Pendente (outros bancos)",1244,4,"nenhum","nenhum",2,"Bom"
"447",447,"Negativo",36,"Pago em dia",1842,4,"nenhum","nenhum",1,"Ruim"
"448",448,"Regular",7,"Pago em dia",2576,2,"fiador","nenhum",1,"Bom"
"449",449,"Alto",12,"Pago em dia",1424,3,"nenhum","nenhum",1,"Bom"
"450",450,"Regular",15,"Pago mas já esteve em atraso",1512,3,"nenhum","lojas",2,"Ruim"
"451",451,"Inexistente",36,"Pendente (outros bancos)",11054,4,"nenhum","nenhum",1,"Bom"
"452",452,"Inexistente",6,"Pago em dia",518,3,"nenhum","nenhum",1,"Bom"
"453",453,"Inexistente",12,"Quitados",2759,2,"nenhum","nenhum",2,"Bom"
"454",454,"Inexistente",24,"Pago em dia",2670,4,"nenhum","nenhum",1,"Bom"
"455",455,"Negativo",24,"Pago em dia",4817,2,"co-requerente","nenhum",1,"Ruim"
"456",456,"Inexistente",24,"Pago em dia",2679,4,"nenhum","nenhum",1,"Bom"
"457",457,"Negativo",11,"Pendente (outros bancos)",3905,2,"nenhum","nenhum",2,"Bom"
"458",458,"Negativo",12,"Pago em dia",3386,3,"nenhum","nenhum",1,"Ruim"
"459",459,"Negativo",6,"Pago em dia",343,4,"nenhum","nenhum",1,"Bom"
"460",460,"Inexistente",18,"Pago em dia",4594,3,"nenhum","nenhum",1,"Bom"
"461",461,"Negativo",36,"Pago em dia",3620,1,"fiador","nenhum",1,"Bom"
"462",462,"Negativo",15,"Pago em dia",1721,2,"nenhum","nenhum",1,"Bom"
"463",463,"Regular",12,"Pago em dia",3017,3,"nenhum","nenhum",1,"Bom"
"464",464,"Regular",12,"Pago em dia",754,4,"nenhum","nenhum",2,"Bom"
"465",465,"Inexistente",18,"Pago em dia",1950,4,"nenhum","lojas",2,"Bom"
"466",466,"Negativo",24,"Pago em dia",2924,3,"fiador","banco",1,"Bom"
"467",467,"Negativo",24,"Pago mas já esteve em atraso",1659,4,"nenhum","nenhum",1,"Ruim"
"468",468,"Inexistente",48,"Pago mas já esteve em atraso",7238,3,"nenhum","banco",2,"Bom"
"469",469,"Inexistente",33,"Pago mas já esteve em atraso",2764,2,"nenhum","nenhum",2,"Bom"
"470",470,"Inexistente",24,"Pago mas já esteve em atraso",4679,3,"nenhum","nenhum",2,"Bom"
"471",471,"Regular",24,"Pago em dia",3092,3,"nenhum","nenhum",1,"Ruim"
"472",472,"Negativo",6,"Pago em dia",448,4,"nenhum","nenhum",1,"Ruim"
"473",473,"Negativo",9,"Pago em dia",654,4,"nenhum","nenhum",1,"Ruim"
"474",474,"Inexistente",6,"Pago em dia",1238,4,"nenhum","nenhum",1,"Bom"
"475",475,"Regular",18,"Pendente (outros bancos)",1245,4,"nenhum","nenhum",1,"Ruim"
"476",476,"Negativo",18,"Quitados",3114,1,"nenhum","nenhum",1,"Ruim"
"477",477,"Inexistente",39,"Pago em dia",2569,4,"nenhum","nenhum",1,"Bom"
"478",478,"Alto",24,"Pago em dia",5152,4,"nenhum","banco",1,"Bom"
"479",479,"Regular",12,"Pago em dia",1037,3,"nenhum","nenhum",1,"Bom"
"480",480,"Negativo",15,"Pendente (outros bancos)",1478,4,"nenhum","nenhum",2,"Bom"
"481",481,"Regular",12,"Pendente (outros bancos)",3573,1,"nenhum","nenhum",1,"Bom"
"482",482,"Regular",24,"Pago em dia",1201,4,"nenhum","nenhum",1,"Bom"
"483",483,"Negativo",30,"Pago em dia",3622,4,"nenhum","nenhum",2,"Bom"
"484",484,"Inexistente",15,"Pago mas já esteve em atraso",960,3,"nenhum","nenhum",2,"Bom"
"485",485,"Inexistente",12,"Pendente (outros bancos)",1163,4,"nenhum","nenhum",1,"Bom"
"486",486,"Regular",6,"Pago mas já esteve em atraso",1209,4,"nenhum","nenhum",1,"Ruim"
"487",487,"Inexistente",12,"Pago em dia",3077,2,"nenhum","nenhum",1,"Bom"
"488",488,"Inexistente",24,"Pago em dia",3757,4,"co-requerente","nenhum",1,"Bom"
"489",489,"Inexistente",10,"Pago em dia",1418,3,"nenhum","nenhum",1,"Bom"
"490",490,"Inexistente",6,"Pago em dia",3518,2,"fiador","nenhum",1,"Bom"
"491",491,"Inexistente",12,"Pendente (outros bancos)",1934,2,"nenhum","nenhum",2,"Bom"
"492",492,"Regular",27,"Quitados",8318,2,"nenhum","nenhum",2,"Ruim"
"493",493,"Inexistente",6,"Pendente (outros bancos)",1237,1,"nenhum","nenhum",2,"Bom"
"494",494,"Regular",6,"Pago em dia",368,4,"nenhum","nenhum",1,"Bom"
"495",495,"Negativo",12,"Pendente (outros bancos)",2122,3,"nenhum","nenhum",2,"Bom"
"496",496,"Negativo",24,"Pago em dia",2996,2,"nenhum","nenhum",1,"Ruim"
"497",497,"Regular",36,"Pago em dia",9034,4,"co-requerente","nenhum",1,"Ruim"
"498",498,"Inexistente",24,"Pendente (outros bancos)",1585,4,"nenhum","nenhum",2,"Bom"
"499",499,"Regular",18,"Pago em dia",1301,4,"fiador","nenhum",1,"Bom"
"500",500,"Alto",6,"Pendente (outros bancos)",1323,2,"nenhum","nenhum",2,"Bom"
"501",501,"Negativo",24,"Pago em dia",3123,4,"nenhum","nenhum",1,"Ruim"
"502",502,"Negativo",36,"Pago em dia",5493,2,"nenhum","nenhum",1,"Bom"
"503",503,"Alto",9,"Pago em dia",1126,2,"nenhum","nenhum",1,"Bom"
"504",504,"Regular",24,"Pendente (outros bancos)",1216,4,"nenhum","banco",2,"Ruim"
"505",505,"Negativo",24,"Pago em dia",1207,4,"nenhum","nenhum",1,"Ruim"
"506",506,"Inexistente",10,"Pago em dia",1309,4,"fiador","nenhum",1,"Ruim"
"507",507,"Alto",15,"Pendente (outros bancos)",2360,2,"nenhum","nenhum",1,"Bom"
"508",508,"Regular",15,"Quitados",6850,1,"nenhum","nenhum",1,"Ruim"
"509",509,"Inexistente",24,"Pago em dia",1413,4,"nenhum","nenhum",1,"Bom"
"510",510,"Inexistente",39,"Pago em dia",8588,4,"nenhum","nenhum",1,"Bom"
"511",511,"Negativo",12,"Pago em dia",759,4,"nenhum","nenhum",1,"Ruim"
"512",512,"Inexistente",36,"Pago em dia",4686,2,"nenhum","nenhum",1,"Bom"
"513",513,"Alto",15,"Pago em dia",2687,2,"nenhum","nenhum",1,"Bom"
"514",514,"Regular",12,"Pago mas já esteve em atraso",585,4,"co-requerente","nenhum",2,"Bom"
"515",515,"Inexistente",24,"Pago em dia",2255,4,"nenhum","nenhum",1,"Bom"
"516",516,"Negativo",6,"Pendente (outros bancos)",609,4,"nenhum","nenhum",2,"Bom"
"517",517,"Negativo",6,"Pendente (outros bancos)",1361,2,"nenhum","nenhum",1,"Bom"
"518",518,"Inexistente",36,"Pendente (outros bancos)",7127,2,"nenhum","nenhum",2,"Ruim"
"519",519,"Negativo",6,"Pago em dia",1203,3,"nenhum","nenhum",1,"Bom"
"520",520,"Inexistente",6,"Pendente (outros bancos)",700,4,"nenhum","nenhum",2,"Bom"
"521",521,"Inexistente",24,"Pendente (outros bancos)",5507,3,"nenhum","nenhum",2,"Bom"
"522",522,"Negativo",18,"Pago em dia",3190,2,"nenhum","nenhum",1,"Ruim"
"523",523,"Negativo",48,"Quitados",7119,3,"nenhum","nenhum",2,"Ruim"
"524",524,"Inexistente",24,"Pago em dia",3488,3,"nenhum","nenhum",1,"Bom"
"525",525,"Regular",18,"Pago em dia",1113,4,"fiador","nenhum",1,"Bom"
"526",526,"Regular",26,"Pago em dia",7966,2,"nenhum","nenhum",2,"Bom"
"527",527,"Inexistente",15,"Pendente (outros bancos)",1532,4,"nenhum","nenhum",1,"Bom"
"528",528,"Inexistente",4,"Pendente (outros bancos)",1503,2,"nenhum","nenhum",2,"Bom"
"529",529,"Negativo",36,"Pago em dia",2302,4,"nenhum","nenhum",1,"Ruim"
"530",530,"Negativo",6,"Pago em dia",662,3,"nenhum","nenhum",1,"Bom"
"531",531,"Regular",36,"Pago em dia",2273,3,"nenhum","nenhum",2,"Bom"
"532",532,"Regular",15,"Pago em dia",2631,2,"nenhum","nenhum",2,"Ruim"
"533",533,"Inexistente",12,"Pago mas já esteve em atraso",1503,4,"nenhum","nenhum",1,"Bom"
"534",534,"Inexistente",24,"Pago em dia",1311,4,"nenhum","nenhum",1,"Bom"
"535",535,"Inexistente",24,"Pago em dia",3105,4,"nenhum","nenhum",2,"Bom"
"536",536,"Alto",21,"Pendente (outros bancos)",2319,2,"nenhum","nenhum",1,"Ruim"
"537",537,"Negativo",6,"Pago em dia",1374,4,"nenhum","nenhum",1,"Bom"
"538",538,"Regular",18,"Pendente (outros bancos)",3612,3,"nenhum","nenhum",1,"Bom"
"539",539,"Negativo",48,"Pago em dia",7763,4,"nenhum","banco",1,"Ruim"
"540",540,"Alto",18,"Pago em dia",3049,1,"nenhum","lojas",1,"Bom"
"541",541,"Regular",12,"Pago em dia",1534,1,"nenhum","nenhum",1,"Ruim"
"542",542,"Inexistente",24,"Pago mas já esteve em atraso",2032,4,"nenhum","nenhum",2,"Bom"
"543",543,"Negativo",30,"Pago em dia",6350,4,"nenhum","nenhum",1,"Ruim"
"544",544,"Alto",18,"Pago em dia",2864,2,"nenhum","nenhum",1,"Ruim"
"545",545,"Inexistente",12,"Pendente (outros bancos)",1255,4,"nenhum","nenhum",2,"Bom"
"546",546,"Negativo",24,"Pago mas já esteve em atraso",1333,4,"nenhum","nenhum",2,"Ruim"
"547",547,"Inexistente",24,"Pendente (outros bancos)",2022,4,"nenhum","nenhum",1,"Bom"
"548",548,"Inexistente",24,"Pago em dia",1552,3,"nenhum","banco",1,"Bom"
"549",549,"Negativo",12,"Quitados",626,4,"nenhum","banco",1,"Ruim"
"550",550,"Inexistente",48,"Pendente (outros bancos)",8858,2,"nenhum","nenhum",2,"Bom"
"551",551,"Inexistente",12,"Pendente (outros bancos)",996,4,"nenhum","nenhum",2,"Bom"
"552",552,"Inexistente",6,"Quitados",1750,2,"nenhum","banco",1,"Bom"
"553",553,"Negativo",48,"Pago em dia",6999,1,"fiador","nenhum",2,"Ruim"
"554",554,"Regular",12,"Pendente (outros bancos)",1995,4,"nenhum","nenhum",1,"Bom"
"555",555,"Regular",9,"Pago em dia",1199,4,"nenhum","nenhum",2,"Bom"
"556",556,"Regular",12,"Pago em dia",1331,2,"nenhum","lojas",1,"Ruim"
"557",557,"Regular",18,"Quitados",2278,3,"nenhum","nenhum",2,"Ruim"
"558",558,"Inexistente",21,"Quitados",5003,1,"nenhum","banco",2,"Ruim"
"559",559,"Negativo",24,"Quitados",3552,3,"nenhum","banco",1,"Ruim"
"560",560,"Regular",18,"Pendente (outros bancos)",1928,2,"nenhum","nenhum",2,"Ruim"
"561",561,"Negativo",24,"Pago em dia",2964,4,"nenhum","banco",1,"Bom"
"562",562,"Negativo",24,"Quitados",1546,4,"fiador","banco",1,"Ruim"
"563",563,"Alto",6,"Pago mas já esteve em atraso",683,2,"nenhum","banco",1,"Bom"
"564",564,"Regular",36,"Pago em dia",12389,1,"nenhum","nenhum",1,"Ruim"
"565",565,"Regular",24,"Pago mas já esteve em atraso",4712,4,"nenhum","banco",2,"Bom"
"566",566,"Regular",24,"Pago mas já esteve em atraso",1553,3,"nenhum","nenhum",2,"Bom"
"567",567,"Negativo",12,"Pago em dia",1372,2,"nenhum","nenhum",1,"Ruim"
"568",568,"Inexistente",24,"Pendente (outros bancos)",2578,2,"nenhum","nenhum",1,"Bom"
"569",569,"Regular",48,"Pago em dia",3979,4,"nenhum","nenhum",2,"Bom"
"570",570,"Negativo",48,"Pago em dia",6758,3,"nenhum","nenhum",1,"Ruim"
"571",571,"Negativo",24,"Pago em dia",3234,4,"nenhum","nenhum",1,"Ruim"
"572",572,"Inexistente",30,"Pendente (outros bancos)",5954,3,"co-requerente","nenhum",1,"Bom"
"573",573,"Inexistente",24,"Pago em dia",5433,2,"nenhum","nenhum",1,"Bom"
"574",574,"Negativo",15,"Pago em dia",806,4,"nenhum","nenhum",1,"Bom"
"575",575,"Regular",9,"Pago em dia",1082,4,"nenhum","nenhum",2,"Bom"
"576",576,"Inexistente",15,"Pendente (outros bancos)",2788,2,"co-requerente","banco",2,"Bom"
"577",577,"Regular",12,"Pago em dia",2930,2,"nenhum","nenhum",1,"Bom"
"578",578,"Inexistente",24,"Pendente (outros bancos)",1927,3,"nenhum","nenhum",2,"Bom"
"579",579,"Regular",36,"Pendente (outros bancos)",2820,4,"nenhum","nenhum",2,"Ruim"
"580",580,"Inexistente",24,"Pago em dia",937,4,"nenhum","nenhum",2,"Bom"
"581",581,"Regular",18,"Pendente (outros bancos)",1056,3,"fiador","banco",2,"Ruim"
"582",582,"Regular",12,"Pendente (outros bancos)",3124,1,"nenhum","banco",2,"Bom"
"583",583,"Inexistente",9,"Pago em dia",1388,4,"nenhum","nenhum",1,"Bom"
"584",584,"Regular",36,"Pago em dia",2384,4,"nenhum","nenhum",1,"Ruim"
"585",585,"Inexistente",12,"Pago em dia",2133,4,"nenhum","nenhum",1,"Bom"
"586",586,"Negativo",18,"Pago em dia",2039,1,"nenhum","banco",1,"Ruim"
"587",587,"Negativo",9,"Pendente (outros bancos)",2799,2,"nenhum","nenhum",2,"Bom"
"588",588,"Negativo",12,"Pago em dia",1289,4,"fiador","nenhum",1,"Bom"
"589",589,"Negativo",18,"Pago em dia",1217,4,"nenhum","nenhum",1,"Ruim"
"590",590,"Negativo",12,"Pendente (outros bancos)",2246,3,"nenhum","nenhum",2,"Ruim"
"591",591,"Negativo",12,"Pendente (outros bancos)",385,4,"nenhum","nenhum",4,"Bom"
"592",592,"Regular",24,"Pago mas já esteve em atraso",1965,4,"nenhum","nenhum",2,"Bom"
"593",593,"Inexistente",21,"Pago em dia",1572,4,"nenhum","banco",1,"Bom"
"594",594,"Regular",24,"Pago em dia",2718,3,"nenhum","nenhum",1,"Ruim"
"595",595,"Negativo",24,"Quitados",1358,4,"nenhum","lojas",1,"Ruim"
"596",596,"Regular",6,"Quitados",931,1,"nenhum","lojas",1,"Ruim"
"597",597,"Negativo",24,"Pago em dia",1442,4,"nenhum","nenhum",2,"Ruim"
"598",598,"Regular",24,"Quitados",4241,1,"nenhum","nenhum",3,"Ruim"
"599",599,"Inexistente",18,"Pendente (outros bancos)",2775,2,"nenhum","banco",2,"Ruim"
"600",600,"Inexistente",24,"Pago mas já esteve em atraso",3863,1,"nenhum","nenhum",1,"Bom"
"601",601,"Regular",7,"Pago em dia",2329,1,"fiador","nenhum",1,"Bom"
"602",602,"Regular",9,"Pago em dia",918,4,"nenhum","nenhum",1,"Ruim"
"603",603,"Regular",24,"Quitados",1837,4,"nenhum","banco",1,"Ruim"
"604",604,"Inexistente",36,"Pago em dia",3349,4,"nenhum","nenhum",1,"Ruim"
"605",605,"Alto",10,"Pago em dia",1275,4,"nenhum","nenhum",1,"Bom"
"606",606,"Negativo",24,"Quitados",2828,4,"nenhum","lojas",1,"Bom"
"607",607,"Inexistente",24,"Pendente (outros bancos)",4526,3,"nenhum","nenhum",1,"Bom"
"608",608,"Regular",36,"Pago em dia",2671,4,"co-requerente","nenhum",1,"Ruim"
"609",609,"Inexistente",18,"Pago em dia",2051,4,"nenhum","nenhum",1,"Bom"
"610",610,"Inexistente",15,"Pago em dia",1300,4,"nenhum","banco",1,"Bom"
"611",611,"Negativo",12,"Pago em dia",741,4,"nenhum","nenhum",1,"Ruim"
"612",612,"Alto",10,"Pago em dia",1240,1,"nenhum","nenhum",1,"Ruim"
"613",613,"Negativo",21,"Pago em dia",3357,4,"nenhum","banco",1,"Bom"
"614",614,"Negativo",24,"Quitados",3632,1,"fiador","banco",1,"Bom"
"615",615,"Inexistente",18,"Pago mas já esteve em atraso",1808,4,"nenhum","nenhum",1,"Ruim"
"616",616,"Regular",48,"Quitados",12204,2,"nenhum","banco",1,"Bom"
"617",617,"Regular",60,"Pago mas já esteve em atraso",9157,2,"nenhum","nenhum",1,"Bom"
"618",618,"Negativo",6,"Pendente (outros bancos)",3676,1,"nenhum","nenhum",3,"Bom"
"619",619,"Regular",30,"Pago em dia",3441,2,"co-requerente","nenhum",1,"Ruim"
"620",620,"Inexistente",12,"Pago em dia",640,4,"nenhum","nenhum",1,"Bom"
"621",621,"Regular",21,"Pendente (outros bancos)",3652,2,"nenhum","nenhum",2,"Bom"
"622",622,"Inexistente",18,"Pendente (outros bancos)",1530,3,"nenhum","banco",2,"Ruim"
"623",623,"Inexistente",48,"Pago em dia",3914,4,"nenhum","banco",1,"Ruim"
"624",624,"Negativo",12,"Pago em dia",1858,4,"nenhum","nenhum",1,"Bom"
"625",625,"Negativo",18,"Pago em dia",2600,4,"nenhum","nenhum",2,"Ruim"
"626",626,"Inexistente",15,"Pago em dia",1979,4,"nenhum","nenhum",1,"Bom"
"627",627,"Alto",6,"Pago em dia",2116,2,"nenhum","nenhum",1,"Bom"
"628",628,"Regular",9,"Quitados",1437,2,"nenhum","nenhum",1,"Ruim"
"629",629,"Inexistente",42,"Pendente (outros bancos)",4042,4,"nenhum","nenhum",2,"Bom"
"630",630,"Inexistente",9,"Pago em dia",3832,1,"nenhum","nenhum",1,"Bom"
"631",631,"Negativo",24,"Pago em dia",3660,2,"nenhum","nenhum",1,"Bom"
"632",632,"Negativo",18,"Quitados",1553,4,"nenhum","banco",1,"Ruim"
"633",633,"Regular",15,"Pago em dia",1444,4,"nenhum","nenhum",1,"Bom"
"634",634,"Inexistente",9,"Pago em dia",1980,2,"co-requerente","nenhum",2,"Ruim"
"635",635,"Regular",24,"Pago em dia",1355,3,"nenhum","nenhum",1,"Ruim"
"636",636,"Inexistente",12,"Pago em dia",1393,4,"nenhum","banco",3,"Bom"
"637",637,"Inexistente",24,"Pago em dia",1376,4,"nenhum","nenhum",1,"Bom"
"638",638,"Inexistente",60,"Pago mas já esteve em atraso",15653,2,"nenhum","nenhum",2,"Bom"
"639",639,"Inexistente",12,"Pago em dia",1493,4,"nenhum","nenhum",1,"Bom"
"640",640,"Negativo",42,"Pago mas já esteve em atraso",4370,3,"nenhum","banco",2,"Ruim"
"641",641,"Negativo",18,"Pago em dia",750,4,"nenhum","nenhum",1,"Ruim"
"642",642,"Regular",15,"Pago em dia",1308,4,"nenhum","nenhum",2,"Bom"
"643",643,"Inexistente",15,"Pago em dia",4623,3,"nenhum","nenhum",1,"Ruim"
"644",644,"Inexistente",24,"Pendente (outros bancos)",1851,4,"fiador","nenhum",2,"Bom"
"645",645,"Negativo",18,"Pendente (outros bancos)",1880,4,"nenhum","nenhum",2,"Bom"
"646",646,"Inexistente",36,"Pago mas já esteve em atraso",7980,4,"nenhum","nenhum",2,"Ruim"
"647",647,"Negativo",30,"Quitados",4583,2,"fiador","nenhum",2,"Bom"
"648",648,"Inexistente",12,"Pago em dia",1386,2,"nenhum","nenhum",1,"Ruim"
"649",649,"Alto",24,"Pago em dia",947,4,"nenhum","banco",1,"Ruim"
"650",650,"Negativo",12,"Pago em dia",684,4,"nenhum","nenhum",1,"Ruim"
"651",651,"Negativo",48,"Pago em dia",7476,4,"nenhum","nenhum",1,"Bom"
"652",652,"Regular",12,"Pago em dia",1922,4,"nenhum","nenhum",1,"Ruim"
"653",653,"Negativo",24,"Pago em dia",2303,4,"co-requerente","nenhum",1,"Ruim"
"654",654,"Regular",36,"Pago mas já esteve em atraso",8086,2,"nenhum","nenhum",4,"Ruim"
"655",655,"Inexistente",24,"Pendente (outros bancos)",2346,4,"nenhum","nenhum",2,"Bom"
"656",656,"Negativo",14,"Pago em dia",3973,1,"nenhum","nenhum",1,"Bom"
"657",657,"Regular",12,"Pago em dia",888,4,"nenhum","banco",1,"Ruim"
"658",658,"Inexistente",48,"Pago em dia",10222,4,"nenhum","lojas",1,"Bom"
"659",659,"Regular",30,"Quitados",4221,2,"nenhum","nenhum",2,"Bom"
"660",660,"Regular",18,"Pendente (outros bancos)",6361,2,"nenhum","nenhum",1,"Bom"
"661",661,"Alto",12,"Pago em dia",1297,3,"nenhum","nenhum",1,"Bom"
"662",662,"Negativo",12,"Pago em dia",900,4,"nenhum","nenhum",1,"Ruim"
"663",663,"Inexistente",21,"Pago em dia",2241,4,"nenhum","nenhum",2,"Bom"
"664",664,"Regular",6,"Pago mas já esteve em atraso",1050,4,"nenhum","lojas",2,"Bom"
"665",665,"Alto",6,"Pendente (outros bancos)",1047,2,"nenhum","nenhum",1,"Bom"
"666",666,"Inexistente",24,"Pendente (outros bancos)",6314,4,"co-requerente","banco",2,"Bom"
"667",667,"Regular",30,"Quitados",3496,4,"nenhum","lojas",1,"Bom"
"668",668,"Inexistente",48,"Quitados",3609,1,"nenhum","lojas",1,"Bom"
"669",669,"Negativo",12,"Pendente (outros bancos)",4843,3,"co-requerente","nenhum",2,"Ruim"
"670",670,"Alto",30,"Pendente (outros bancos)",3017,4,"nenhum","nenhum",1,"Bom"
"671",671,"Inexistente",24,"Pendente (outros bancos)",4139,3,"nenhum","nenhum",2,"Bom"
"672",672,"Inexistente",36,"Pago em dia",5742,2,"nenhum","nenhum",2,"Bom"
"673",673,"Inexistente",60,"Pago em dia",10366,2,"nenhum","nenhum",1,"Bom"
"674",674,"Inexistente",6,"Pendente (outros bancos)",2080,1,"nenhum","nenhum",1,"Bom"
"675",675,"Inexistente",21,"Pago mas já esteve em atraso",2580,4,"nenhum","banco",1,"Ruim"
"676",676,"Inexistente",30,"Pendente (outros bancos)",4530,4,"nenhum","nenhum",1,"Bom"
"677",677,"Inexistente",24,"Pendente (outros bancos)",5150,4,"nenhum","nenhum",1,"Bom"
"678",678,"Regular",72,"Pago em dia",5595,2,"nenhum","nenhum",1,"Ruim"
"679",679,"Negativo",24,"Pago em dia",2384,4,"nenhum","banco",1,"Bom"
"680",680,"Inexistente",18,"Pago em dia",1453,3,"nenhum","nenhum",1,"Bom"
"681",681,"Inexistente",6,"Pago em dia",1538,1,"nenhum","nenhum",1,"Bom"
"682",682,"Inexistente",12,"Pago em dia",2279,4,"nenhum","nenhum",1,"Bom"
"683",683,"Inexistente",15,"Pago mas já esteve em atraso",1478,4,"nenhum","banco",2,"Bom"
"684",684,"Inexistente",24,"Pendente (outros bancos)",5103,3,"nenhum","nenhum",3,"Bom"
"685",685,"Regular",36,"Pago mas já esteve em atraso",9857,1,"nenhum","nenhum",2,"Bom"
"686",686,"Inexistente",60,"Pago em dia",6527,4,"nenhum","nenhum",1,"Bom"
"687",687,"Alto",10,"Pendente (outros bancos)",1347,4,"nenhum","nenhum",2,"Bom"
"688",688,"Regular",36,"Pago mas já esteve em atraso",2862,4,"nenhum","nenhum",1,"Bom"
"689",689,"Inexistente",9,"Pago em dia",2753,3,"co-requerente","nenhum",1,"Bom"
"690",690,"Negativo",12,"Pago em dia",3651,1,"nenhum","nenhum",1,"Bom"
"691",691,"Negativo",15,"Pendente (outros bancos)",975,2,"nenhum","nenhum",2,"Bom"
"692",692,"Regular",15,"Pago em dia",2631,3,"nenhum","nenhum",1,"Bom"
"693",693,"Regular",24,"Pago em dia",2896,2,"nenhum","nenhum",1,"Bom"
"694",694,"Negativo",6,"Pendente (outros bancos)",4716,1,"nenhum","nenhum",2,"Bom"
"695",695,"Inexistente",24,"Pago em dia",2284,4,"nenhum","nenhum",1,"Bom"
"696",696,"Inexistente",6,"Pago em dia",1236,2,"nenhum","nenhum",1,"Bom"
"697",697,"Regular",12,"Pago em dia",1103,4,"fiador","nenhum",2,"Bom"
"698",698,"Inexistente",12,"Pendente (outros bancos)",926,1,"nenhum","nenhum",1,"Bom"
"699",699,"Inexistente",18,"Pendente (outros bancos)",1800,4,"nenhum","nenhum",2,"Bom"
"700",700,"Alto",15,"Pago em dia",1905,4,"nenhum","nenhum",1,"Bom"
"701",701,"Inexistente",12,"Pago em dia",1123,4,"nenhum","nenhum",1,"Ruim"
"702",702,"Negativo",48,"Pendente (outros bancos)",6331,4,"nenhum","nenhum",2,"Ruim"
"703",703,"Alto",24,"Pago em dia",1377,4,"nenhum","nenhum",1,"Bom"
"704",704,"Regular",30,"Pago mas já esteve em atraso",2503,4,"nenhum","lojas",2,"Bom"
"705",705,"Regular",27,"Pago em dia",2528,4,"nenhum","nenhum",1,"Bom"
"706",706,"Inexistente",15,"Pago em dia",5324,1,"nenhum","nenhum",1,"Bom"
"707",707,"Regular",48,"Pago em dia",6560,3,"nenhum","nenhum",1,"Ruim"
"708",708,"Regular",12,"Quitados",2969,4,"nenhum","nenhum",2,"Ruim"
"709",709,"Regular",9,"Pago em dia",1206,4,"nenhum","nenhum",1,"Bom"
"710",710,"Regular",9,"Pago em dia",2118,2,"nenhum","nenhum",1,"Bom"
"711",711,"Inexistente",18,"Pendente (outros bancos)",629,4,"nenhum","banco",2,"Bom"
"712",712,"Negativo",6,"Quitados",1198,4,"nenhum","nenhum",1,"Ruim"
"713",713,"Inexistente",21,"Pago em dia",2476,4,"nenhum","nenhum",1,"Bom"
"714",714,"Negativo",9,"Pendente (outros bancos)",1138,4,"nenhum","nenhum",2,"Bom"
"715",715,"Regular",60,"Pago em dia",14027,4,"nenhum","nenhum",1,"Ruim"
"716",716,"Inexistente",30,"Pendente (outros bancos)",7596,1,"nenhum","nenhum",2,"Bom"
"717",717,"Inexistente",30,"Pendente (outros bancos)",3077,3,"nenhum","nenhum",2,"Bom"
"718",718,"Inexistente",18,"Pago em dia",1505,4,"nenhum","nenhum",1,"Bom"
"719",719,"Alto",24,"Pendente (outros bancos)",3148,3,"nenhum","nenhum",2,"Bom"
"720",720,"Regular",20,"Quitados",6148,3,"nenhum","banco",2,"Bom"
"721",721,"Alto",9,"Quitados",1337,4,"nenhum","nenhum",2,"Ruim"
"722",722,"Regular",6,"Quitados",433,4,"nenhum","banco",1,"Ruim"
"723",723,"Negativo",12,"Pago em dia",1228,4,"nenhum","nenhum",1,"Ruim"
"724",724,"Regular",9,"Pago em dia",790,4,"nenhum","nenhum",1,"Bom"
"725",725,"Inexistente",27,"Pago em dia",2570,3,"nenhum","nenhum",1,"Ruim"
"726",726,"Inexistente",6,"Pendente (outros bancos)",250,2,"nenhum","banco",2,"Bom"
"727",727,"Inexistente",15,"Pendente (outros bancos)",1316,2,"nenhum","nenhum",2,"Bom"
"728",728,"Negativo",18,"Pago em dia",1882,4,"nenhum","banco",2,"Ruim"
"729",729,"Regular",48,"Quitados",6416,4,"nenhum","nenhum",1,"Ruim"
"730",730,"Alto",24,"Pendente (outros bancos)",1275,2,"nenhum","nenhum",2,"Bom"
"731",731,"Regular",24,"Pago mas já esteve em atraso",6403,1,"nenhum","nenhum",1,"Bom"
"732",732,"Negativo",24,"Pago em dia",1987,2,"nenhum","nenhum",1,"Ruim"
"733",733,"Regular",8,"Pago em dia",760,4,"fiador","nenhum",1,"Bom"
"734",734,"Inexistente",24,"Pago em dia",2603,2,"nenhum","nenhum",1,"Bom"
"735",735,"Inexistente",4,"Pendente (outros bancos)",3380,1,"nenhum","nenhum",1,"Bom"
"736",736,"Regular",36,"Quitados",3990,3,"nenhum","banco",1,"Bom"
"737",737,"Regular",24,"Pago em dia",11560,1,"nenhum","nenhum",2,"Ruim"
"738",738,"Negativo",18,"Pago em dia",4380,3,"nenhum","nenhum",1,"Bom"
"739",739,"Inexistente",6,"Pendente (outros bancos)",6761,1,"nenhum","nenhum",2,"Bom"
"740",740,"Regular",30,"Quitados",4280,4,"nenhum","nenhum",2,"Ruim"
"741",741,"Negativo",24,"Quitados",2325,2,"nenhum","banco",1,"Bom"
"742",742,"Regular",10,"Quitados",1048,4,"nenhum","lojas",1,"Bom"
"743",743,"Inexistente",21,"Pago em dia",3160,4,"nenhum","nenhum",1,"Bom"
"744",744,"Negativo",24,"Quitados",2483,4,"nenhum","lojas",1,"Bom"
"745",745,"Negativo",39,"Pendente (outros bancos)",14179,4,"nenhum","nenhum",2,"Bom"
"746",746,"Negativo",13,"Pendente (outros bancos)",1797,3,"nenhum","banco",2,"Bom"
"747",747,"Negativo",15,"Pago em dia",2511,1,"nenhum","nenhum",1,"Bom"
"748",748,"Negativo",12,"Pago em dia",1274,3,"nenhum","nenhum",1,"Ruim"
"749",749,"Inexistente",21,"Pago em dia",5248,1,"nenhum","nenhum",1,"Bom"
"750",750,"Inexistente",15,"Pago em dia",3029,2,"nenhum","nenhum",1,"Bom"
"751",751,"Negativo",6,"Pago em dia",428,2,"nenhum","banco",1,"Bom"
"752",752,"Negativo",18,"Pago em dia",976,1,"nenhum","nenhum",1,"Ruim"
"753",753,"Regular",12,"Pago em dia",841,2,"nenhum","nenhum",1,"Bom"
"754",754,"Inexistente",30,"Pendente (outros bancos)",5771,4,"nenhum","nenhum",2,"Bom"
"755",755,"Inexistente",12,"Pago mas já esteve em atraso",1555,4,"nenhum","nenhum",2,"Ruim"
"756",756,"Negativo",24,"Pago em dia",1285,4,"nenhum","nenhum",1,"Ruim"
"757",757,"Alto",6,"Pendente (outros bancos)",1299,1,"nenhum","nenhum",3,"Bom"
"758",758,"Alto",15,"Pendente (outros bancos)",1271,3,"nenhum","nenhum",2,"Ruim"
"759",759,"Inexistente",24,"Pago em dia",1393,2,"fiador","nenhum",1,"Bom"
"760",760,"Negativo",12,"Pendente (outros bancos)",691,4,"nenhum","nenhum",2,"Ruim"
"761",761,"Inexistente",15,"Pendente (outros bancos)",5045,1,"nenhum","nenhum",1,"Bom"
"762",762,"Negativo",18,"Pendente (outros bancos)",2124,4,"nenhum","nenhum",2,"Ruim"
"763",763,"Negativo",12,"Pago em dia",2214,4,"nenhum","nenhum",1,"Bom"
"764",764,"Inexistente",21,"Pendente (outros bancos)",12680,4,"nenhum","nenhum",1,"Ruim"
"765",765,"Inexistente",24,"Pendente (outros bancos)",2463,4,"nenhum","nenhum",2,"Bom"
"766",766,"Regular",12,"Pago em dia",1155,3,"fiador","banco",2,"Bom"
"767",767,"Negativo",30,"Pago em dia",3108,2,"nenhum","nenhum",1,"Ruim"
"768",768,"Inexistente",10,"Pago em dia",2901,1,"nenhum","nenhum",1,"Bom"
"769",769,"Regular",12,"Pendente (outros bancos)",3617,1,"nenhum","nenhum",3,"Bom"
"770",770,"Inexistente",12,"Pendente (outros bancos)",1655,2,"nenhum","nenhum",2,"Bom"
"771",771,"Negativo",24,"Pago em dia",2812,2,"nenhum","nenhum",1,"Bom"
"772",772,"Negativo",36,"Pendente (outros bancos)",8065,3,"nenhum","nenhum",2,"Ruim"
"773",773,"Inexistente",21,"Pendente (outros bancos)",3275,1,"nenhum","nenhum",1,"Bom"
"774",774,"Inexistente",24,"Pendente (outros bancos)",2223,4,"nenhum","banco",2,"Bom"
"775",775,"Alto",12,"Pendente (outros bancos)",1480,2,"nenhum","banco",3,"Bom"
"776",776,"Negativo",24,"Pago em dia",1371,4,"nenhum","nenhum",1,"Ruim"
"777",777,"Inexistente",36,"Pendente (outros bancos)",3535,4,"nenhum","nenhum",2,"Bom"
"778",778,"Negativo",18,"Pago em dia",3509,4,"fiador","nenhum",1,"Bom"
"779",779,"Inexistente",36,"Pendente (outros bancos)",5711,4,"nenhum","nenhum",2,"Bom"
"780",780,"Regular",18,"Pago em dia",3872,2,"nenhum","nenhum",1,"Bom"
"781",781,"Regular",39,"Pendente (outros bancos)",4933,2,"fiador","nenhum",2,"Ruim"
"782",782,"Inexistente",24,"Pendente (outros bancos)",1940,4,"nenhum","nenhum",1,"Bom"
"783",783,"Regular",12,"Quitados",1410,2,"nenhum","nenhum",1,"Bom"
"784",784,"Regular",12,"Pago em dia",836,4,"nenhum","banco",1,"Ruim"
"785",785,"Regular",20,"Pago em dia",6468,1,"nenhum","nenhum",1,"Bom"
"786",786,"Regular",18,"Pago em dia",1941,4,"nenhum","nenhum",1,"Bom"
"787",787,"Inexistente",22,"Pago em dia",2675,3,"nenhum","nenhum",1,"Bom"
"788",788,"Inexistente",48,"Pendente (outros bancos)",2751,4,"nenhum","nenhum",2,"Bom"
"789",789,"Regular",48,"Pago mas já esteve em atraso",6224,4,"nenhum","nenhum",1,"Ruim"
"790",790,"Negativo",40,"Pendente (outros bancos)",5998,4,"nenhum","banco",1,"Ruim"
"791",791,"Regular",21,"Pago em dia",1188,2,"nenhum","nenhum",1,"Ruim"
"792",792,"Inexistente",24,"Pago em dia",6313,3,"nenhum","nenhum",1,"Bom"
"793",793,"Inexistente",6,"Pendente (outros bancos)",1221,1,"nenhum","nenhum",2,"Bom"
"794",794,"Alto",24,"Pago em dia",2892,3,"nenhum","nenhum",1,"Bom"
"795",795,"Inexistente",24,"Pago em dia",3062,4,"nenhum","nenhum",1,"Bom"
"796",796,"Inexistente",9,"Pago em dia",2301,2,"nenhum","nenhum",1,"Bom"
"797",797,"Negativo",18,"Pago em dia",7511,1,"nenhum","nenhum",1,"Ruim"
"798",798,"Inexistente",12,"Pendente (outros bancos)",1258,2,"nenhum","nenhum",2,"Bom"
"799",799,"Inexistente",24,"Pago mas já esteve em atraso",717,4,"nenhum","nenhum",2,"Bom"
"800",800,"Regular",9,"Pago em dia",1549,4,"nenhum","nenhum",1,"Bom"
"801",801,"Inexistente",24,"Pendente (outros bancos)",1597,4,"nenhum","nenhum",2,"Bom"
"802",802,"Regular",18,"Pendente (outros bancos)",1795,3,"fiador","banco",2,"Bom"
"803",803,"Negativo",20,"Pendente (outros bancos)",4272,1,"nenhum","nenhum",2,"Bom"
"804",804,"Inexistente",12,"Pendente (outros bancos)",976,4,"nenhum","nenhum",2,"Bom"
"805",805,"Regular",12,"Pago em dia",7472,1,"nenhum","nenhum",1,"Bom"
"806",806,"Negativo",36,"Pago em dia",9271,2,"nenhum","nenhum",1,"Ruim"
"807",807,"Regular",6,"Pago em dia",590,3,"nenhum","nenhum",1,"Bom"
"808",808,"Inexistente",12,"Pendente (outros bancos)",930,4,"nenhum","nenhum",4,"Bom"
"809",809,"Regular",42,"Quitados",9283,1,"nenhum","banco",1,"Bom"
"810",810,"Regular",15,"Quitados",1778,2,"nenhum","nenhum",2,"Ruim"
"811",811,"Regular",8,"Pago em dia",907,3,"nenhum","nenhum",1,"Bom"
"812",812,"Regular",6,"Pago em dia",484,3,"fiador","banco",1,"Bom"
"813",813,"Negativo",36,"Pendente (outros bancos)",9629,4,"nenhum","nenhum",2,"Ruim"
"814",814,"Negativo",48,"Pago em dia",3051,3,"nenhum","nenhum",1,"Ruim"
"815",815,"Negativo",48,"Pago em dia",3931,4,"nenhum","nenhum",1,"Ruim"
"816",816,"Regular",36,"Pago mas já esteve em atraso",7432,2,"nenhum","nenhum",1,"Bom"
"817",817,"Inexistente",6,"Pago em dia",1338,1,"nenhum","nenhum",1,"Bom"
"818",818,"Inexistente",6,"Pendente (outros bancos)",1554,1,"nenhum","nenhum",2,"Bom"
"819",819,"Negativo",36,"Pago em dia",15857,2,"co-requerente","nenhum",1,"Bom"
"820",820,"Negativo",18,"Pago em dia",1345,4,"nenhum","banco",1,"Ruim"
"821",821,"Inexistente",12,"Pago em dia",1101,3,"nenhum","nenhum",2,"Bom"
"822",822,"Alto",12,"Pago em dia",3016,3,"nenhum","nenhum",1,"Bom"
"823",823,"Negativo",36,"Pago em dia",2712,2,"nenhum","banco",1,"Ruim"
"824",824,"Negativo",8,"Pendente (outros bancos)",731,4,"nenhum","nenhum",2,"Bom"
"825",825,"Inexistente",18,"Pendente (outros bancos)",3780,3,"nenhum","nenhum",2,"Bom"
"826",826,"Negativo",21,"Pendente (outros bancos)",1602,4,"nenhum","nenhum",2,"Bom"
"827",827,"Negativo",18,"Pendente (outros bancos)",3966,1,"nenhum","banco",3,"Ruim"
"828",828,"Inexistente",18,"Quitados",4165,2,"nenhum","lojas",2,"Ruim"
"829",829,"Negativo",36,"Pago em dia",8335,3,"nenhum","nenhum",1,"Ruim"
"830",830,"Regular",48,"Pago mas já esteve em atraso",6681,4,"nenhum","nenhum",1,"Bom"
"831",831,"Inexistente",24,"Pago mas já esteve em atraso",2375,4,"nenhum","nenhum",2,"Bom"
"832",832,"Negativo",18,"Pago em dia",1216,4,"nenhum","nenhum",1,"Ruim"
"833",833,"Negativo",45,"Quitados",11816,2,"nenhum","nenhum",2,"Ruim"
"834",834,"Regular",24,"Pago em dia",5084,2,"nenhum","nenhum",1,"Bom"
"835",835,"Alto",15,"Pago em dia",2327,2,"nenhum","nenhum",1,"Ruim"
"836",836,"Negativo",12,"Quitados",1082,4,"nenhum","banco",2,"Ruim"
"837",837,"Inexistente",12,"Pago em dia",886,4,"nenhum","nenhum",1,"Bom"
"838",838,"Inexistente",4,"Pago em dia",601,1,"nenhum","nenhum",1,"Bom"
"839",839,"Negativo",24,"Pendente (outros bancos)",2957,4,"nenhum","nenhum",2,"Bom"
"840",840,"Inexistente",24,"Pendente (outros bancos)",2611,4,"co-requerente","nenhum",2,"Bom"
"841",841,"Negativo",36,"Pago em dia",5179,4,"nenhum","nenhum",1,"Ruim"
"842",842,"Inexistente",21,"Pago mas já esteve em atraso",2993,3,"nenhum","lojas",2,"Bom"
"843",843,"Inexistente",18,"Pago em dia",1943,4,"nenhum","nenhum",1,"Ruim"
"844",844,"Inexistente",24,"Quitados",1559,4,"nenhum","banco",1,"Bom"
"845",845,"Inexistente",18,"Pago em dia",3422,4,"nenhum","banco",3,"Bom"
"846",846,"Regular",21,"Pago em dia",3976,2,"nenhum","nenhum",1,"Bom"
"847",847,"Inexistente",18,"Pago em dia",6761,2,"nenhum","nenhum",2,"Ruim"
"848",848,"Inexistente",24,"Pago em dia",1249,4,"nenhum","nenhum",1,"Bom"
"849",849,"Negativo",9,"Pago em dia",1364,3,"nenhum","nenhum",1,"Bom"
"850",850,"Negativo",12,"Pago em dia",709,4,"nenhum","lojas",1,"Ruim"
"851",851,"Negativo",20,"Pendente (outros bancos)",2235,4,"fiador","banco",2,"Ruim"
"852",852,"Inexistente",24,"Pendente (outros bancos)",4042,3,"nenhum","nenhum",2,"Bom"
"853",853,"Inexistente",15,"Pendente (outros bancos)",1471,4,"nenhum","nenhum",2,"Bom"
"854",854,"Negativo",18,"Quitados",1442,4,"nenhum","nenhum",2,"Ruim"
"855",855,"Inexistente",36,"Pago mas já esteve em atraso",10875,2,"nenhum","nenhum",2,"Bom"
"856",856,"Inexistente",24,"Pago em dia",1474,4,"nenhum","nenhum",1,"Bom"
"857",857,"Inexistente",10,"Pago em dia",894,4,"nenhum","nenhum",1,"Bom"
"858",858,"Inexistente",15,"Pendente (outros bancos)",3343,4,"nenhum","nenhum",1,"Bom"
"859",859,"Negativo",15,"Pago em dia",3959,3,"nenhum","nenhum",1,"Ruim"
"860",860,"Inexistente",9,"Pago em dia",3577,1,"fiador","nenhum",1,"Bom"
"861",861,"Inexistente",24,"Pendente (outros bancos)",5804,4,"nenhum","nenhum",2,"Bom"
"862",862,"Inexistente",18,"Pago mas já esteve em atraso",2169,4,"nenhum","nenhum",1,"Ruim"
"863",863,"Negativo",24,"Pago em dia",2439,4,"nenhum","nenhum",1,"Ruim"
"864",864,"Inexistente",27,"Pendente (outros bancos)",4526,4,"nenhum","lojas",2,"Bom"
"865",865,"Inexistente",10,"Pago em dia",2210,2,"nenhum","banco",1,"Ruim"
"866",866,"Inexistente",15,"Pago em dia",2221,2,"nenhum","nenhum",1,"Bom"
"867",867,"Negativo",18,"Pago em dia",2389,4,"nenhum","lojas",1,"Bom"
"868",868,"Inexistente",12,"Pendente (outros bancos)",3331,2,"nenhum","lojas",1,"Bom"
"869",869,"Inexistente",36,"Pago em dia",7409,3,"nenhum","nenhum",2,"Bom"
"870",870,"Negativo",12,"Pago em dia",652,4,"nenhum","nenhum",1,"Bom"
"871",871,"Inexistente",36,"Pago mas já esteve em atraso",7678,2,"nenhum","nenhum",2,"Bom"
"872",872,"Alto",6,"Pendente (outros bancos)",1343,1,"nenhum","nenhum",2,"Bom"
"873",873,"Negativo",24,"Pendente (outros bancos)",1382,4,"nenhum","nenhum",2,"Bom"
"874",874,"Inexistente",15,"Pago em dia",874,4,"nenhum","nenhum",1,"Bom"
"875",875,"Negativo",12,"Pago em dia",3590,2,"co-requerente","nenhum",1,"Bom"
"876",876,"Regular",11,"Pendente (outros bancos)",1322,4,"nenhum","nenhum",2,"Bom"
"877",877,"Negativo",18,"Quitados",1940,3,"co-requerente","banco",1,"Bom"
"878",878,"Inexistente",36,"Pago em dia",3595,4,"nenhum","nenhum",1,"Bom"
"879",879,"Negativo",9,"Pago em dia",1422,3,"nenhum","nenhum",1,"Ruim"
"880",880,"Inexistente",30,"Pendente (outros bancos)",6742,2,"nenhum","nenhum",2,"Bom"
"881",881,"Inexistente",24,"Pago em dia",7814,3,"nenhum","nenhum",1,"Bom"
"882",882,"Inexistente",24,"Pago em dia",9277,2,"nenhum","nenhum",1,"Bom"
"883",883,"Regular",30,"Pendente (outros bancos)",2181,4,"nenhum","nenhum",2,"Bom"
"884",884,"Inexistente",18,"Pendente (outros bancos)",1098,4,"nenhum","nenhum",2,"Bom"
"885",885,"Regular",24,"Pago em dia",4057,3,"nenhum","nenhum",1,"Ruim"
"886",886,"Negativo",12,"Pago em dia",795,4,"nenhum","nenhum",1,"Ruim"
"887",887,"Regular",24,"Pendente (outros bancos)",2825,4,"nenhum","nenhum",2,"Bom"
"888",888,"Regular",48,"Pago em dia",15672,2,"nenhum","nenhum",1,"Ruim"
"889",889,"Inexistente",36,"Pendente (outros bancos)",6614,4,"nenhum","nenhum",2,"Bom"
"890",890,"Inexistente",28,"Quitados",7824,3,"fiador","banco",2,"Bom"
"891",891,"Negativo",27,"Pendente (outros bancos)",2442,4,"nenhum","lojas",4,"Bom"
"892",892,"Inexistente",15,"Pendente (outros bancos)",1829,4,"nenhum","nenhum",2,"Bom"
"893",893,"Negativo",12,"Pendente (outros bancos)",2171,4,"nenhum","banco",2,"Bom"
"894",894,"Regular",36,"Pendente (outros bancos)",5800,3,"nenhum","nenhum",2,"Bom"
"895",895,"Inexistente",18,"Pendente (outros bancos)",1169,4,"nenhum","nenhum",2,"Bom"
"896",896,"Inexistente",36,"Pago mas já esteve em atraso",8947,3,"nenhum","lojas",1,"Bom"
"897",897,"Negativo",21,"Pago em dia",2606,4,"nenhum","nenhum",1,"Bom"
"898",898,"Inexistente",12,"Pendente (outros bancos)",1592,3,"nenhum","nenhum",1,"Bom"
"899",899,"Inexistente",15,"Pago em dia",2186,1,"nenhum","banco",1,"Bom"
"900",900,"Negativo",18,"Pago em dia",4153,2,"co-requerente","nenhum",1,"Ruim"
"901",901,"Negativo",16,"Pendente (outros bancos)",2625,2,"fiador","banco",1,"Ruim"
"902",902,"Inexistente",20,"Pendente (outros bancos)",3485,2,"nenhum","nenhum",2,"Bom"
"903",903,"Inexistente",36,"Pendente (outros bancos)",10477,2,"nenhum","nenhum",2,"Bom"
"904",904,"Inexistente",15,"Pago em dia",1386,4,"nenhum","nenhum",1,"Bom"
"905",905,"Inexistente",24,"Pago em dia",1278,4,"nenhum","nenhum",1,"Bom"
"906",906,"Negativo",12,"Pago em dia",1107,2,"nenhum","nenhum",1,"Bom"
"907",907,"Negativo",21,"Pago em dia",3763,2,"co-requerente","nenhum",1,"Bom"
"908",908,"Regular",36,"Pago em dia",3711,2,"nenhum","nenhum",1,"Bom"
"909",909,"Inexistente",15,"Pago mas já esteve em atraso",3594,1,"nenhum","nenhum",2,"Bom"
"910",910,"Regular",9,"Pago em dia",3195,1,"nenhum","nenhum",1,"Bom"
"911",911,"Inexistente",36,"Pago mas já esteve em atraso",4454,4,"nenhum","nenhum",2,"Bom"
"912",912,"Regular",24,"Pendente (outros bancos)",4736,2,"nenhum","banco",1,"Ruim"
"913",913,"Regular",30,"Pago em dia",2991,2,"nenhum","nenhum",1,"Bom"
"914",914,"Inexistente",11,"Pago em dia",2142,1,"nenhum","nenhum",1,"Bom"
"915",915,"Negativo",24,"Quitados",3161,4,"nenhum","nenhum",1,"Ruim"
"916",916,"Regular",48,"Quitados",18424,1,"nenhum","banco",1,"Ruim"
"917",917,"Inexistente",10,"Pago em dia",2848,1,"co-requerente","nenhum",1,"Bom"
"918",918,"Negativo",6,"Pago em dia",14896,1,"nenhum","banco",1,"Ruim"
"919",919,"Negativo",24,"Pago em dia",2359,1,"nenhum","nenhum",1,"Ruim"
"920",920,"Negativo",24,"Pago em dia",3345,4,"nenhum","nenhum",1,"Ruim"
"921",921,"Inexistente",18,"Pendente (outros bancos)",1817,4,"nenhum","nenhum",2,"Bom"
"922",922,"Inexistente",48,"Pago mas já esteve em atraso",12749,4,"nenhum","nenhum",1,"Bom"
"923",923,"Negativo",9,"Pago em dia",1366,3,"nenhum","nenhum",1,"Ruim"
"924",924,"Regular",12,"Pago em dia",2002,3,"nenhum","nenhum",1,"Bom"
"925",925,"Negativo",24,"Quitados",6872,2,"nenhum","banco",1,"Ruim"
"926",926,"Negativo",12,"Quitados",697,4,"nenhum","banco",2,"Ruim"
"927",927,"Negativo",18,"Pendente (outros bancos)",1049,4,"nenhum","nenhum",1,"Bom"
"928",928,"Negativo",48,"Pago em dia",10297,4,"nenhum","lojas",3,"Ruim"
"929",929,"Inexistente",30,"Pago em dia",1867,4,"nenhum","nenhum",1,"Bom"
"930",930,"Negativo",12,"Pago mas já esteve em atraso",1344,4,"nenhum","nenhum",2,"Bom"
"931",931,"Negativo",24,"Pago em dia",1747,4,"co-requerente","nenhum",1,"Bom"
"932",932,"Regular",9,"Pago em dia",1670,4,"nenhum","nenhum",1,"Ruim"
"933",933,"Inexistente",9,"Pendente (outros bancos)",1224,3,"nenhum","nenhum",2,"Bom"
"934",934,"Inexistente",12,"Pendente (outros bancos)",522,4,"nenhum","nenhum",2,"Bom"
"935",935,"Negativo",12,"Pago em dia",1498,4,"nenhum","banco",1,"Bom"
"936",936,"Regular",30,"Pago mas já esteve em atraso",1919,4,"nenhum","lojas",2,"Ruim"
"937",937,"Alto",9,"Pago em dia",745,3,"nenhum","nenhum",1,"Ruim"
"938",938,"Regular",6,"Pago em dia",2063,4,"nenhum","nenhum",1,"Bom"
"939",939,"Regular",60,"Pago em dia",6288,4,"nenhum","nenhum",1,"Ruim"
"940",940,"Inexistente",24,"Pendente (outros bancos)",6842,2,"nenhum","nenhum",2,"Bom"
"941",941,"Inexistente",12,"Pago em dia",3527,2,"nenhum","nenhum",1,"Bom"
"942",942,"Inexistente",10,"Pago em dia",1546,3,"nenhum","nenhum",1,"Bom"
"943",943,"Inexistente",24,"Pago em dia",929,4,"nenhum","lojas",1,"Bom"
"944",944,"Inexistente",4,"Pendente (outros bancos)",1455,2,"nenhum","nenhum",3,"Bom"
"945",945,"Negativo",15,"Pago em dia",1845,4,"fiador","nenhum",1,"Bom"
"946",946,"Regular",48,"Quitados",8358,1,"nenhum","nenhum",2,"Bom"
"947",947,"Negativo",24,"Quitados",3349,4,"nenhum","nenhum",1,"Ruim"
"948",948,"Inexistente",12,"Pago em dia",2859,4,"nenhum","nenhum",1,"Bom"
"949",949,"Inexistente",18,"Pago em dia",1533,4,"co-requerente","nenhum",1,"Ruim"
"950",950,"Inexistente",24,"Pago em dia",3621,2,"nenhum","nenhum",2,"Ruim"
"951",951,"Regular",18,"Pendente (outros bancos)",3590,3,"nenhum","nenhum",3,"Bom"
"952",952,"Negativo",36,"Pago mas já esteve em atraso",2145,2,"nenhum","nenhum",2,"Ruim"
"953",953,"Regular",24,"Pago em dia",4113,3,"nenhum","nenhum",1,"Ruim"
"954",954,"Inexistente",36,"Pago em dia",10974,4,"nenhum","nenhum",2,"Ruim"
"955",955,"Negativo",12,"Pago em dia",1893,4,"fiador","nenhum",1,"Bom"
"956",956,"Negativo",24,"Pendente (outros bancos)",1231,4,"nenhum","nenhum",2,"Bom"
"957",957,"Alto",30,"Pendente (outros bancos)",3656,4,"nenhum","lojas",2,"Bom"
"958",958,"Regular",9,"Pendente (outros bancos)",1154,2,"nenhum","nenhum",3,"Bom"
"959",959,"Negativo",28,"Pago em dia",4006,3,"nenhum","nenhum",1,"Ruim"
"960",960,"Regular",24,"Pago em dia",3069,4,"nenhum","nenhum",1,"Bom"
"961",961,"Inexistente",6,"Pendente (outros bancos)",1740,2,"nenhum","nenhum",2,"Bom"
"962",962,"Regular",21,"Pago mas já esteve em atraso",2353,1,"nenhum","nenhum",2,"Bom"
"963",963,"Inexistente",15,"Pago em dia",3556,3,"nenhum","nenhum",1,"Bom"
"964",964,"Inexistente",24,"Pago em dia",2397,3,"nenhum","banco",2,"Ruim"
"965",965,"Regular",6,"Pago em dia",454,3,"nenhum","nenhum",1,"Bom"
"966",966,"Regular",30,"Pago em dia",1715,4,"nenhum","nenhum",1,"Bom"
"967",967,"Regular",27,"Pendente (outros bancos)",2520,4,"nenhum","nenhum",2,"Ruim"
"968",968,"Inexistente",15,"Pago em dia",3568,4,"nenhum","banco",1,"Bom"
"969",969,"Inexistente",42,"Pago em dia",7166,2,"nenhum","nenhum",1,"Bom"
"970",970,"Negativo",11,"Pendente (outros bancos)",3939,1,"nenhum","nenhum",2,"Bom"
"971",971,"Regular",15,"Pago em dia",1514,4,"fiador","nenhum",1,"Bom"
"972",972,"Inexistente",24,"Pago em dia",7393,1,"nenhum","nenhum",1,"Bom"
"973",973,"Negativo",24,"Quitados",1193,1,"co-requerente","nenhum",2,"Ruim"
"974",974,"Negativo",60,"Pago em dia",7297,4,"co-requerente","nenhum",1,"Ruim"
"975",975,"Inexistente",30,"Pendente (outros bancos)",2831,4,"nenhum","nenhum",1,"Bom"
"976",976,"Alto",24,"Pago em dia",1258,3,"nenhum","nenhum",1,"Bom"
"977",977,"Regular",6,"Pago em dia",753,2,"fiador","nenhum",1,"Bom"
"978",978,"Regular",18,"Pago mas já esteve em atraso",2427,4,"nenhum","nenhum",2,"Bom"
"979",979,"Inexistente",24,"Pago mas já esteve em atraso",2538,4,"nenhum","nenhum",2,"Ruim"
"980",980,"Regular",15,"Quitados",1264,2,"nenhum","nenhum",1,"Ruim"
"981",981,"Regular",30,"Pendente (outros bancos)",8386,2,"nenhum","nenhum",1,"Ruim"
"982",982,"Inexistente",48,"Pago em dia",4844,3,"nenhum","banco",1,"Ruim"
"983",983,"Alto",21,"Pago em dia",2923,1,"nenhum","banco",1,"Bom"
"984",984,"Negativo",36,"Pago em dia",8229,2,"nenhum","nenhum",1,"Ruim"
"985",985,"Inexistente",24,"Pendente (outros bancos)",2028,2,"nenhum","nenhum",2,"Bom"
"986",986,"Negativo",15,"Pendente (outros bancos)",1433,4,"nenhum","nenhum",2,"Bom"
"987",987,"Alto",42,"Quitados",6289,2,"nenhum","nenhum",2,"Bom"
"988",988,"Inexistente",13,"Pago em dia",1409,2,"nenhum","nenhum",1,"Bom"
"989",989,"Negativo",24,"Pago em dia",6579,4,"nenhum","nenhum",1,"Bom"
"990",990,"Regular",24,"Pendente (outros bancos)",1743,4,"nenhum","nenhum",2,"Bom"
"991",991,"Inexistente",12,"Pendente (outros bancos)",3565,2,"nenhum","nenhum",2,"Bom"
"992",992,"Inexistente",15,"Quitados",1569,4,"nenhum","banco",1,"Bom"
"993",993,"Negativo",18,"Pago em dia",1936,2,"nenhum","nenhum",2,"Bom"
"994",994,"Negativo",36,"Pago em dia",3959,4,"nenhum","nenhum",1,"Bom"
"995",995,"Inexistente",12,"Pago em dia",2390,4,"nenhum","nenhum",1,"Bom"
"996",996,"Inexistente",12,"Pago em dia",1736,3,"nenhum","nenhum",1,"Bom"
"997",997,"Negativo",30,"Pago em dia",3857,4,"nenhum","nenhum",1,"Bom"
"998",998,"Inexistente",12,"Pago em dia",804,4,"nenhum","nenhum",1,"Bom"
"999",999,"Negativo",45,"Pago em dia",1845,4,"nenhum","nenhum",1,"Ruim"
"1000",1000,"Regular",45,"Pendente (outros bancos)",4576,3,"nenhum","nenhum",1,"Bom"
